doctor_id,full_name,specialty,phone,email,clinic_id
D1,Daniel Parks,Dermatology,(997) 703-4144,daniel.parks@hospital.com,C25
D2,Melissa Garrett,Dermatology,(537) 079-9288,melissa.garrett@hospital.com,C13
D3,Wayne Herrera,Pediatrics,(880) 785-0790,wayne.herrera@hospital.com,C9
D4,Debbie Tanner,Dermatology,(905) 797-7650,debbie.tanner@hospital.com,C45
D5,Beverly Lynn,Dermatology,(954) 211-1983,beverly.lynn@hospital.com,C36
D6,Ann Lyons,Dermatology,(120) 393-0104,ann.lyons@hospital.com,C37
D7,Sara Weber,Dermatology,(828) 673-1819,sara.weber@hospital.com,C4
D8,Jeffrey Taylor,Dermatology,(796) 318-0141,jeffrey.taylor@hospital.com,C4
D9,Aaron Jackson,Dermatology,(486) 376-8443,aaron.jackson@hospital.com,C11
D10,Amanda Duncan,Pediatrics,(086) 272-1692,amanda.duncan@hospital.com,C39
D11,David Ellis,Cardiology,(341) 760-3795,david.ellis@hospital.com,C37
D12,Timothy Gomez,Cardiology,(849) 096-3888,timothy.gomez@hospital.com,C45
D13,Jim Allen,Pediatrics,(484) 097-4454,jim.allen@hospital.com,C26
D14,Andrew Bullock,Cardiology,(221) 390-3954,andrew.bullock@hospital.com,C36
D15,Peter Cooke,Pediatrics,(620) 286-9259,peter.cooke@hospital.com,C24
D16,Julie Gutierrez,Cardiology,(788) 293-3081,julie.gutierrez@hospital.com,C38
D17,Julie Carter,Dermatology,(718) 194-7045,julie.carter@hospital.com,C48
D18,Maria Daniels,Pediatrics,(113) 208-2180,maria.daniels@hospital.com,C45
D19,Ashley Short,Dermatology,(530) 148-6279,ashley.short@hospital.com,C18
D20,Nicole Cowan,Pediatrics,(479) 940-4285,nicole.cowan@hospital.com,C44
D21,Cody Wood,Pediatrics,(003) 630-3005,cody.wood@hospital.com,C32
D22,Robert Williams,Cardiology,(338) 055-3907,robert.williams@hospital.com,C28
D23,Bruce Lane,Cardiology,(724) 440-8819,bruce.lane@hospital.com,C3
D24,Katie Wyatt,Cardiology,(581) 445-0065,katie.wyatt@hospital.com,C39
D25,Robert Perez,Pediatrics,(667) 048-6946,robert.perez@hospital.com,C31
D26,Pamela Sutton,Dermatology,(340) 536-4909,pamela.sutton@hospital.com,C8
D27,Brittany Harris,Pediatrics,(775) 010-8581,brittany.harris@hospital.com,C34
D28,Jason King,Pediatrics,(447) 984-6335,jason.king@hospital.com,C48
D29,Jason Morgan,Cardiology,(615) 456-3247,jason.morgan@hospital.com,C44
D30,Daniel Wilson,Pediatrics,(746) 668-1937,daniel.wilson@hospital.com,C25
D31,Michael Fisher,Cardiology,(078) 727-9415,michael.fisher@hospital.com,C16
D32,Jesse Schwartz,Dermatology,(359) 305-1159,jesse.schwartz@hospital.com,C30
D33,Sandra Molina,Dermatology,(526) 702-7896,sandra.molina@hospital.com,C36
D34,Emily White,Pediatrics,(764) 721-3955,emily.white@hospital.com,C15
D35,Margaret Wilson,Dermatology,(597) 361-6463,margaret.wilson@hospital.com,C36
D36,Anthony Johnson,Dermatology,(276) 885-7467,anthony.johnson@hospital.com,C39
D37,Juan Reed,Pediatrics,(409) 278-3632,juan.reed@hospital.com,C18
D38,Jim Fowler,Dermatology,(374) 969-1050,jim.fowler@hospital.com,C24
D39,Susan Sheppard,Cardiology,(422) 110-4811,susan.sheppard@hospital.com,C49
D40,Diane Williams,Dermatology,(175) 743-7357,diane.williams@hospital.com,C14
D41,Paul Sanders,Pediatrics,(800) 931-3279,paul.sanders@hospital.com,C7
D42,Erin Wilson,Cardiology,(321) 798-0110,erin.wilson@hospital.com,C12
D43,Andrew Blake,Dermatology,(955) 834-6659,andrew.blake@hospital.com,C42
D44,Susan Cooper,Dermatology,(780) 968-9342,susan.cooper@hospital.com,C17
D45,Christopher Bauer,Dermatology,(647) 594-1472,christopher.bauer@hospital.com,C10
D46,Melanie Graham,Dermatology,(086) 169-6899,melanie.graham@hospital.com,C44
D47,Angela Rice,Pediatrics,(328) 428-1218,angela.rice@hospital.com,C20
D48,Amber Crawford,Cardiology,(781) 522-8197,amber.crawford@hospital.com,C14
D49,Heather Scott,Cardiology,(521) 225-3627,heather.scott@hospital.com,C6
D50,Carolyn Smith,Pediatrics,(251) 992-0765,carolyn.smith@hospital.com,C50
D51,William Greene,Dermatology,(541) 148-8036,william.greene@hospital.com,C36
D52,Kathleen Lee,Cardiology,(497) 793-1511,kathleen.lee@hospital.com,C37
D53,Leslie Ward,Pediatrics,(210) 488-6229,leslie.ward@hospital.com,C10
D54,Deborah Payne,Cardiology,(203) 324-3580,deborah.payne@hospital.com,C42
D55,Lisa Dixon,Dermatology,(966) 583-8996,lisa.dixon@hospital.com,C13
D56,Antonio Smith,Cardiology,(531) 333-1398,antonio.smith@hospital.com,C11
D57,Danielle Hill,Pediatrics,(860) 614-8417,danielle.hill@hospital.com,C20
D58,Tina Parks,Pediatrics,(870) 322-9528,tina.parks@hospital.com,C13
D59,Kathy Gallegos,Pediatrics,(779) 629-5849,kathy.gallegos@hospital.com,C25
D60,Garrett Giles,Dermatology,(891) 852-0745,garrett.giles@hospital.com,C32
D61,Jacqueline Erickson,Cardiology,(918) 099-9362,jacqueline.erickson@hospital.com,C33
D62,Madeline James,Dermatology,(609) 594-1929,madeline.james@hospital.com,C34
D63,Tammy Lane,Pediatrics,(634) 998-0594,tammy.lane@hospital.com,C42
D64,Krystal Mullins,Dermatology,(636) 892-8564,krystal.mullins@hospital.com,C50
D65,Lori Hall,Pediatrics,(220) 398-8050,lori.hall@hospital.com,C12
D66,Theresa Johnson,Cardiology,(359) 617-7248,theresa.johnson@hospital.com,C12
D67,Stacy Callahan,Pediatrics,(678) 485-2204,stacy.callahan@hospital.com,C48
D68,Kelly Johnston,Cardiology,(002) 538-1409,kelly.johnston@hospital.com,C3
D69,Richard Mckenzie,Pediatrics,(487) 728-7165,richard.mckenzie@hospital.com,C7
D70,Kyle Faulkner,Dermatology,(516) 439-1174,kyle.faulkner@hospital.com,C23
D71,Sarah Maldonado,Cardiology,(650) 539-5988,sarah.maldonado@hospital.com,C16
D72,Vanessa Jones,Cardiology,(498) 934-5090,vanessa.jones@hospital.com,C24
D73,Andrew Hernandez,Dermatology,(303) 576-2357,andrew.hernandez@hospital.com,C2
D74,Jon Davis,Dermatology,(553) 108-9081,jon.davis@hospital.com,C15
D75,Mark Clark,Cardiology,(404) 263-6096,mark.clark@hospital.com,C31
D76,Javier Taylor,Pediatrics,(800) 485-1077,javier.taylor@hospital.com,C15
D77,Joe Mcdaniel,Pediatrics,(247) 595-6823,joe.mcdaniel@hospital.com,C17
D78,Nathan Bender,Pediatrics,(184) 638-7265,nathan.bender@hospital.com,C25
D79,Jacqueline Wagner,Dermatology,(355) 681-8355,jacqueline.wagner@hospital.com,C40
D80,Cheryl Parks,Dermatology,(458) 356-8424,cheryl.parks@hospital.com,C28
D81,David Garcia,Pediatrics,(234) 256-0686,david.garcia@hospital.com,C15
D82,Cory Porter,Pediatrics,(888) 904-3810,cory.porter@hospital.com,C35
D83,Gregory Smith,Pediatrics,(731) 189-7094,gregory.smith@hospital.com,C49
D84,Michael Norris,Pediatrics,(480) 011-3673,michael.norris@hospital.com,C5
D85,Meagan Berger,Dermatology,(655) 581-4198,meagan.berger@hospital.com,C6
D86,Nathan Brock,Pediatrics,(145) 776-3517,nathan.brock@hospital.com,C5
D87,Tommy Carroll,Pediatrics,(525) 293-7275,tommy.carroll@hospital.com,C44
D88,Eric Mullins,Pediatrics,(000) 850-2527,eric.mullins@hospital.com,C31
D89,Yolanda Bowers,Cardiology,(243) 397-6864,yolanda.bowers@hospital.com,C28
D90,Allen Lopez,Cardiology,(348) 618-8274,allen.lopez@hospital.com,C1
D91,Lisa Cook,Dermatology,(474) 910-4444,lisa.cook@hospital.com,C16
D92,Craig Reese,Pediatrics,(379) 676-6955,craig.reese@hospital.com,C6
D93,Kimberly Wallace,Pediatrics,(151) 732-1851,kimberly.wallace@hospital.com,C25
D94,Matthew Ramirez,Cardiology,(426) 294-1086,matthew.ramirez@hospital.com,C7
D95,Linda Tapia,Cardiology,(083) 760-0410,linda.tapia@hospital.com,C5
D96,Caroline Pineda,Dermatology,(341) 798-2604,caroline.pineda@hospital.com,C42
D97,Joseph Alexander,Cardiology,(112) 996-0091,joseph.alexander@hospital.com,C9
D98,Lori Leach,Cardiology,(820) 973-1331,lori.leach@hospital.com,C40
D99,James Mckinney,Dermatology,(340) 433-0524,james.mckinney@hospital.com,C24
D100,Chad Mitchell,Dermatology,(225) 151-5013,chad.mitchell@hospital.com,C42
D101,Frederick Williams,Pediatrics,(045) 773-4803,frederick.williams@hospital.com,C48
D102,Erik Joseph,Pediatrics,(636) 935-4912,erik.joseph@hospital.com,C5
D103,Rebecca Fitzgerald,Cardiology,(299) 198-8583,rebecca.fitzgerald@hospital.com,C13
D104,Christy Stewart,Pediatrics,(531) 179-4481,christy.stewart@hospital.com,C13
D105,Nicholas Burgess,Dermatology,(374) 432-0416,nicholas.burgess@hospital.com,C35
D106,Mary Roberts,Dermatology,(632) 060-7106,mary.roberts@hospital.com,C33
D107,Jonathan Thompson,Cardiology,(642) 792-8296,jonathan.thompson@hospital.com,C19
D108,Reginald Jackson,Cardiology,(610) 959-2852,reginald.jackson@hospital.com,C17
D109,Linda Davis,Dermatology,(019) 995-8577,linda.davis@hospital.com,C34
D110,Richard Merritt,Cardiology,(709) 052-4551,richard.merritt@hospital.com,C40
D111,Veronica Brown,Pediatrics,(377) 946-1352,veronica.brown@hospital.com,C7
D112,Jon Jones,Pediatrics,(504) 435-1599,jon.jones@hospital.com,C49
D113,Jamie Holland,Dermatology,(217) 959-2390,jamie.holland@hospital.com,C42
D114,Tina Ramirez,Dermatology,(692) 157-0475,tina.ramirez@hospital.com,C42
D115,Katrina Graham,Cardiology,(364) 740-6959,katrina.graham@hospital.com,C44
D116,David Murphy,Dermatology,(685) 634-5387,david.murphy@hospital.com,C6
D117,Thomas Petty,Cardiology,(477) 223-1342,thomas.petty@hospital.com,C29
D118,Michelle Shelton,Dermatology,(090) 438-1521,michelle.shelton@hospital.com,C27
D119,Aaron Mora,Dermatology,(369) 186-7821,aaron.mora@hospital.com,C13
D120,Scott Johnson,Dermatology,(365) 362-1031,scott.johnson@hospital.com,C47
D121,Logan Hall,Cardiology,(765) 929-0462,logan.hall@hospital.com,C25
D122,William Richards,Cardiology,(926) 186-1297,william.richards@hospital.com,C6
D123,Theresa Moore,Dermatology,(818) 795-7079,theresa.moore@hospital.com,C35
D124,Gregory Scott,Dermatology,(694) 724-6973,gregory.scott@hospital.com,C46
D125,Brian Harris,Pediatrics,(488) 127-7518,brian.harris@hospital.com,C11
D126,Tracy Holmes,Cardiology,(879) 345-9585,tracy.holmes@hospital.com,C21
D127,Michaela Hampton,Pediatrics,(020) 643-8218,michaela.hampton@hospital.com,C33
D128,Bonnie Lowe,Cardiology,(038) 356-4080,bonnie.lowe@hospital.com,C33
D129,Kenneth Smith,Pediatrics,(399) 668-9784,kenneth.smith@hospital.com,C15
D130,Ryan Jackson,Dermatology,(932) 611-9269,ryan.jackson@hospital.com,C44
D131,Bonnie Sullivan,Cardiology,(892) 197-7574,bonnie.sullivan@hospital.com,C41
D132,Juan Espinoza,Pediatrics,(129) 523-4127,juan.espinoza@hospital.com,C18
D133,Theresa Dawson,Cardiology,(638) 239-9606,theresa.dawson@hospital.com,C39
D134,Melanie Hamilton,Pediatrics,(811) 690-4239,melanie.hamilton@hospital.com,C17
D135,Paul Savage,Cardiology,(212) 560-1354,paul.savage@hospital.com,C34
D136,Jacqueline Ramirez,Pediatrics,(897) 112-2834,jacqueline.ramirez@hospital.com,C39
D137,Jessica Todd,Dermatology,(068) 825-6302,jessica.todd@hospital.com,C46
D138,Jaime Wall,Pediatrics,(177) 486-0150,jaime.wall@hospital.com,C42
D139,Mary Mills,Pediatrics,(778) 471-9587,mary.mills@hospital.com,C31
D140,Edward Barnes,Pediatrics,(893) 428-5880,edward.barnes@hospital.com,C18
D141,Nancy Johnson,Pediatrics,(223) 267-5074,nancy.johnson@hospital.com,C25
D142,Sharon Mathews,Cardiology,(011) 766-0946,sharon.mathews@hospital.com,C15
D143,Joseph Smith,Pediatrics,(287) 929-2157,joseph.smith@hospital.com,C34
D144,Tiffany Jordan,Pediatrics,(971) 825-9750,tiffany.jordan@hospital.com,C39
D145,Kristin Stanley,Cardiology,(087) 012-6959,kristin.stanley@hospital.com,C47
D146,Carlos Martinez,Cardiology,(875) 821-4160,carlos.martinez@hospital.com,C27
D147,Deborah Kelley,Dermatology,(946) 830-4962,deborah.kelley@hospital.com,C15
D148,Christopher Montgomery,Cardiology,(095) 312-8901,christopher.montgomery@hospital.com,C20
D149,Sierra Smith,Dermatology,(037) 842-3006,sierra.smith@hospital.com,C36
D150,Melody Wells,Cardiology,(855) 891-1977,melody.wells@hospital.com,C9
D151,Jared Mack,Cardiology,(651) 783-6939,jared.mack@hospital.com,C30
D152,Lori Perry,Dermatology,(000) 373-0101,lori.perry@hospital.com,C33
D153,Theresa Smith,Cardiology,(316) 896-8112,theresa.smith@hospital.com,C42
D154,Samuel Sheppard,Pediatrics,(463) 784-5922,samuel.sheppard@hospital.com,C14
D155,Dennis Coleman,Cardiology,(800) 712-1936,dennis.coleman@hospital.com,C2
D156,Sarah Lynch,Pediatrics,(786) 694-1113,sarah.lynch@hospital.com,C15
D157,Craig Snyder,Dermatology,(780) 004-2702,craig.snyder@hospital.com,C17
D158,Chloe Branch,Pediatrics,(901) 046-3002,chloe.branch@hospital.com,C45
D159,Edward Chase,Pediatrics,(735) 491-6576,edward.chase@hospital.com,C45
D160,Kyle Wells,Cardiology,(535) 063-8917,kyle.wells@hospital.com,C40
D161,Gary Heath,Cardiology,(479) 313-7070,gary.heath@hospital.com,C39
D162,John Frazier,Pediatrics,(877) 099-2451,john.frazier@hospital.com,C47
D163,Brian Kramer,Dermatology,(029) 621-9075,brian.kramer@hospital.com,C50
D164,Denise Beltran,Pediatrics,(697) 841-1292,denise.beltran@hospital.com,C8
D165,Katie Burns,Dermatology,(690) 992-6909,katie.burns@hospital.com,C11
D166,Michelle Edwards,Dermatology,(381) 849-5407,michelle.edwards@hospital.com,C14
D167,Dennis Griffin,Pediatrics,(613) 295-0299,dennis.griffin@hospital.com,C12
D168,Michael Banks,Pediatrics,(915) 003-9076,michael.banks@hospital.com,C36
D169,Jason Mccullough,Dermatology,(639) 187-3487,jason.mccullough@hospital.com,C27
D170,Veronica Hull,Cardiology,(733) 312-2960,veronica.hull@hospital.com,C35
D171,William King,Cardiology,(949) 549-1043,william.king@hospital.com,C17
D172,Vanessa Robinson,Dermatology,(356) 583-5823,vanessa.robinson@hospital.com,C5
D173,Timothy Macias,Dermatology,(369) 590-0244,timothy.macias@hospital.com,C45
D174,Jessica Lopez,Dermatology,(333) 674-7813,jessica.lopez@hospital.com,C29
D175,Andrea Green,Pediatrics,(317) 743-3640,andrea.green@hospital.com,C36
D176,Susan Holland,Pediatrics,(106) 376-8877,susan.holland@hospital.com,C49
D177,Kathryn Diaz,Cardiology,(474) 741-2229,kathryn.diaz@hospital.com,C17
D178,Anna Cain,Dermatology,(540) 932-9547,anna.cain@hospital.com,C26
D179,Ariana Griffin,Dermatology,(767) 725-0385,ariana.griffin@hospital.com,C12
D180,Daniel Lane,Dermatology,(604) 454-0613,daniel.lane@hospital.com,C34
D181,Jennifer Williams,Cardiology,(278) 969-7958,jennifer.williams@hospital.com,C47
D182,Kelly Burton,Pediatrics,(522) 518-3570,kelly.burton@hospital.com,C29
D183,Gary Williams,Cardiology,(499) 918-1184,gary.williams@hospital.com,C32
D184,Claire Anderson,Dermatology,(915) 736-9952,claire.anderson@hospital.com,C34
D185,Kathleen Dickerson,Pediatrics,(981) 430-8231,kathleen.dickerson@hospital.com,C50
D186,Denise Webb,Pediatrics,(076) 996-6998,denise.webb@hospital.com,C44
D187,Miguel Stewart,Pediatrics,(148) 389-6552,miguel.stewart@hospital.com,C20
D188,Carol Smith,Pediatrics,(197) 337-7701,carol.smith@hospital.com,C9
D189,Matthew Bradford,Cardiology,(893) 312-9873,matthew.bradford@hospital.com,C48
D190,Robin Carlson,Dermatology,(907) 202-3670,robin.carlson@hospital.com,C45
D191,Victor Vargas,Pediatrics,(672) 600-4866,victor.vargas@hospital.com,C5
D192,Tammy Cox,Dermatology,(550) 822-3444,tammy.cox@hospital.com,C38
D193,Savannah Butler,Dermatology,(620) 265-0586,savannah.butler@hospital.com,C22
D194,Reginald Cook,Cardiology,(852) 271-0377,reginald.cook@hospital.com,C2
D195,Patrick Benton,Dermatology,(670) 943-8585,patrick.benton@hospital.com,C23
D196,Brandon Porter,Cardiology,(343) 153-4892,brandon.porter@hospital.com,C39
D197,Stacey Moore,Cardiology,(419) 504-8610,stacey.moore@hospital.com,C23
D198,Bianca Smith,Dermatology,(679) 840-8784,bianca.smith@hospital.com,C39
D199,David Garcia,Cardiology,(678) 069-6189,david.garcia@hospital.com,C11
D200,George Padilla,Pediatrics,(530) 054-2823,george.padilla@hospital.com,C49
D201,Nicole Jones,Cardiology,(247) 725-4986,nicole.jones@hospital.com,C49
D202,Rebecca Williams,Pediatrics,(229) 668-3905,rebecca.williams@hospital.com,C41
D203,Lisa Drake,Cardiology,(198) 781-0741,lisa.drake@hospital.com,C32
D204,Mary Decker,Pediatrics,(713) 647-1252,mary.decker@hospital.com,C14
D205,Jamie Roberts,Cardiology,(772) 550-1918,jamie.roberts@hospital.com,C40
D206,Karen Pearson,Dermatology,(916) 371-0624,karen.pearson@hospital.com,C2
D207,Amanda Lindsey,Cardiology,(029) 595-6979,amanda.lindsey@hospital.com,C27
D208,Dustin Huang,Cardiology,(157) 067-7040,dustin.huang@hospital.com,C45
D209,Diane White,Pediatrics,(503) 699-6321,diane.white@hospital.com,C33
D210,Austin Perez,Dermatology,(040) 427-9930,austin.perez@hospital.com,C10
D211,Gregory Baker,Cardiology,(169) 710-1052,gregory.baker@hospital.com,C31
D212,Heather Thompson,Dermatology,(099) 748-7700,heather.thompson@hospital.com,C42
D213,Thomas Campos,Dermatology,(166) 537-7144,thomas.campos@hospital.com,C21
D214,Jessica Brown,Pediatrics,(312) 076-3402,jessica.brown@hospital.com,C8
D215,Danielle Martinez,Dermatology,(970) 116-7811,danielle.martinez@hospital.com,C38
D216,Jared Mills,Dermatology,(350) 939-8905,jared.mills@hospital.com,C16
D217,Michael Gonzalez,Pediatrics,(255) 799-8310,michael.gonzalez@hospital.com,C21
D218,Rebecca Brown,Pediatrics,(807) 069-8781,rebecca.brown@hospital.com,C12
D219,Kevin Morse,Dermatology,(950) 848-2112,kevin.morse@hospital.com,C41
D220,Kimberly Sanchez,Cardiology,(310) 091-1815,kimberly.sanchez@hospital.com,C19
D221,Robert Reynolds,Dermatology,(118) 004-1123,robert.reynolds@hospital.com,C16
D222,Elizabeth Valentine,Pediatrics,(015) 424-2540,elizabeth.valentine@hospital.com,C22
D223,Emma Williams,Pediatrics,(452) 831-4829,emma.williams@hospital.com,C27
D224,John Simpson,Pediatrics,(139) 459-4010,john.simpson@hospital.com,C34
D225,Derek Wilson,Cardiology,(024) 842-0929,derek.wilson@hospital.com,C30
D226,Daniel Keith,Dermatology,(471) 807-6577,daniel.keith@hospital.com,C39
D227,Kimberly Reese,Pediatrics,(540) 686-3508,kimberly.reese@hospital.com,C34
D228,Robert Mason,Cardiology,(056) 014-7430,robert.mason@hospital.com,C33
D229,Megan Rodriguez,Dermatology,(896) 366-3188,megan.rodriguez@hospital.com,C21
D230,Alexis Payne,Pediatrics,(900) 266-4397,alexis.payne@hospital.com,C5
D231,John Krause,Cardiology,(340) 491-7407,john.krause@hospital.com,C48
D232,Shelby Bishop,Dermatology,(832) 404-4698,shelby.bishop@hospital.com,C6
D233,Cory Higgins,Dermatology,(578) 021-9030,cory.higgins@hospital.com,C32
D234,Patricia Reynolds,Dermatology,(966) 225-5412,patricia.reynolds@hospital.com,C44
D235,Ryan Miller,Dermatology,(817) 121-3079,ryan.miller@hospital.com,C31
D236,Brianna Turner,Dermatology,(592) 937-0907,brianna.turner@hospital.com,C12
D237,Christina Lowe,Cardiology,(409) 239-0795,christina.lowe@hospital.com,C2
D238,Kristen Cook,Cardiology,(752) 105-8904,kristen.cook@hospital.com,C10
D239,Logan Martinez,Dermatology,(904) 390-5307,logan.martinez@hospital.com,C14
D240,David Lewis,Cardiology,(433) 966-9923,david.lewis@hospital.com,C13
D241,Laura Ho,Pediatrics,(058) 747-7398,laura.ho@hospital.com,C7
D242,Robert Delgado,Pediatrics,(136) 343-6126,robert.delgado@hospital.com,C8
D243,Michelle Carter,Dermatology,(919) 731-8617,michelle.carter@hospital.com,C10
D244,Deanna Johnson,Dermatology,(324) 742-8487,deanna.johnson@hospital.com,C29
D245,Adrian Green,Dermatology,(464) 994-8130,adrian.green@hospital.com,C26
D246,Nicholas Gardner,Pediatrics,(892) 318-3462,nicholas.gardner@hospital.com,C26
D247,Kimberly Oneal,Cardiology,(348) 815-6314,kimberly.oneal@hospital.com,C24
D248,Amy Quinn,Cardiology,(863) 871-5120,amy.quinn@hospital.com,C12
D249,James Stanley,Cardiology,(165) 688-7636,james.stanley@hospital.com,C45
D250,Emily Decker,Dermatology,(679) 202-2123,emily.decker@hospital.com,C32
D251,Maria Murphy,Dermatology,(629) 535-7216,maria.murphy@hospital.com,C41
D252,Jared Jones,Dermatology,(593) 697-9258,jared.jones@hospital.com,C28
D253,Jacob Walters,Pediatrics,(174) 368-2804,jacob.walters@hospital.com,C35
D254,Bryan Mitchell,Cardiology,(836) 290-5966,bryan.mitchell@hospital.com,C1
D255,Gabriel Farrell,Dermatology,(074) 713-8785,gabriel.farrell@hospital.com,C7
D256,Herbert Anderson,Dermatology,(565) 205-7170,herbert.anderson@hospital.com,C44
D257,Timothy Nguyen,Pediatrics,(390) 394-5577,timothy.nguyen@hospital.com,C33
D258,Tiffany Smith,Dermatology,(777) 681-5505,tiffany.smith@hospital.com,C5
D259,Katie Atkins,Pediatrics,(576) 140-1746,katie.atkins@hospital.com,C18
D260,Ashley Lucero,Dermatology,(305) 434-2560,ashley.lucero@hospital.com,C4
D261,Gabrielle Reed,Cardiology,(177) 833-0409,gabrielle.reed@hospital.com,C9
D262,Paul Chavez,Cardiology,(047) 655-4300,paul.chavez@hospital.com,C48
D263,Peter Casey,Cardiology,(256) 992-2715,peter.casey@hospital.com,C12
D264,Brent Martin,Dermatology,(447) 453-4623,brent.martin@hospital.com,C32
D265,Erin Ibarra,Pediatrics,(617) 102-2728,erin.ibarra@hospital.com,C19
D266,Tyrone Stanley,Cardiology,(646) 363-8041,tyrone.stanley@hospital.com,C22
D267,Gary Brown,Dermatology,(311) 897-5574,gary.brown@hospital.com,C6
D268,Crystal Sosa,Pediatrics,(992) 312-6636,crystal.sosa@hospital.com,C2
D269,Sarah Chase,Pediatrics,(053) 407-4215,sarah.chase@hospital.com,C23
D270,Ashley Scott,Pediatrics,(554) 173-3119,ashley.scott@hospital.com,C20
D271,Molly Jacobson,Cardiology,(332) 244-4656,molly.jacobson@hospital.com,C29
D272,Kara Jones,Cardiology,(611) 018-1477,kara.jones@hospital.com,C23
D273,David Richardson,Cardiology,(703) 308-8365,david.richardson@hospital.com,C42
D274,Penny Stewart,Cardiology,(214) 187-6611,penny.stewart@hospital.com,C46
D275,Ricardo Moore,Pediatrics,(398) 150-3670,ricardo.moore@hospital.com,C44
D276,Kimberly Hernandez,Pediatrics,(735) 915-1798,kimberly.hernandez@hospital.com,C17
D277,Carolyn Durham,Cardiology,(888) 581-3222,carolyn.durham@hospital.com,C45
D278,Marcus Salinas,Cardiology,(165) 562-2937,marcus.salinas@hospital.com,C33
D279,Leah Wright,Dermatology,(634) 359-7785,leah.wright@hospital.com,C50
D280,Carol Miller,Dermatology,(019) 416-5094,carol.miller@hospital.com,C17
D281,Jaime Thornton,Pediatrics,(484) 728-9106,jaime.thornton@hospital.com,C50
D282,Sara Taylor,Pediatrics,(512) 497-8279,sara.taylor@hospital.com,C8
D283,Julie Stuart,Pediatrics,(137) 592-7453,julie.stuart@hospital.com,C29
D284,Christine Hubbard,Dermatology,(549) 769-5710,christine.hubbard@hospital.com,C19
D285,Laura Scott,Cardiology,(926) 451-0493,laura.scott@hospital.com,C30
D286,Michael Phillips,Pediatrics,(565) 818-3067,michael.phillips@hospital.com,C30
D287,Eileen Hawkins,Cardiology,(004) 584-5177,eileen.hawkins@hospital.com,C9
D288,Steven Smith,Cardiology,(839) 738-0594,steven.smith@hospital.com,C42
D289,Joshua Shaw,Pediatrics,(673) 012-6997,joshua.shaw@hospital.com,C6
D290,Kayla Jones,Pediatrics,(743) 137-9543,kayla.jones@hospital.com,C31
D291,Monica Taylor,Pediatrics,(205) 572-3409,monica.taylor@hospital.com,C24
D292,Christopher Cisneros,Dermatology,(282) 083-1741,christopher.cisneros@hospital.com,C18
D293,Steven Wells,Dermatology,(659) 693-7619,steven.wells@hospital.com,C5
D294,Jay Erickson,Pediatrics,(042) 016-8210,jay.erickson@hospital.com,C13
D295,Andrew Sandoval,Pediatrics,(785) 252-4097,andrew.sandoval@hospital.com,C22
D296,Susan King,Pediatrics,(574) 383-4732,susan.king@hospital.com,C25
D297,Raven Fisher,Pediatrics,(133) 048-8169,raven.fisher@hospital.com,C1
D298,Mark Thomas,Pediatrics,(731) 821-7550,mark.thomas@hospital.com,C24
D299,Jasmin Thomas,Dermatology,(965) 432-4145,jasmin.thomas@hospital.com,C27
D300,David Fernandez,Dermatology,(999) 174-5755,david.fernandez@hospital.com,C12
D301,Allison Underwood,Pediatrics,(064) 368-6554,allison.underwood@hospital.com,C21
D302,Ronald Anderson,Pediatrics,(621) 752-0901,ronald.anderson@hospital.com,C27
D303,Lucas Martinez,Pediatrics,(563) 412-8467,lucas.martinez@hospital.com,C44
D304,Joseph Lee,Pediatrics,(665) 475-5498,joseph.lee@hospital.com,C7
D305,Carol Edwards,Pediatrics,(020) 598-3368,carol.edwards@hospital.com,C43
D306,Tammy Carr,Dermatology,(665) 203-0942,tammy.carr@hospital.com,C35
D307,Brianna Moore,Dermatology,(036) 021-2420,brianna.moore@hospital.com,C22
D308,Heather Hernandez,Pediatrics,(588) 285-1802,heather.hernandez@hospital.com,C32
D309,Matthew Collins,Dermatology,(438) 750-5854,matthew.collins@hospital.com,C4
D310,Jenna Diaz,Dermatology,(939) 302-0701,jenna.diaz@hospital.com,C14
D311,Matthew Joseph,Pediatrics,(854) 903-4912,matthew.joseph@hospital.com,C27
D312,James Harris,Pediatrics,(495) 971-1227,james.harris@hospital.com,C15
D313,Kelly Wells,Cardiology,(284) 692-3060,kelly.wells@hospital.com,C14
D314,Vincent Carter,Dermatology,(113) 362-5524,vincent.carter@hospital.com,C11
D315,Samantha Schwartz,Pediatrics,(969) 873-1420,samantha.schwartz@hospital.com,C11
D316,Natalie Nguyen,Cardiology,(300) 480-8172,natalie.nguyen@hospital.com,C38
D317,Jeremy Jones,Dermatology,(812) 418-4484,jeremy.jones@hospital.com,C4
D318,Courtney Johnson,Pediatrics,(254) 278-1738,courtney.johnson@hospital.com,C47
D319,Alison Richardson,Cardiology,(646) 124-8128,alison.richardson@hospital.com,C49
D320,Anthony Waters,Cardiology,(860) 201-3206,anthony.waters@hospital.com,C13
D321,Amy Lucero,Pediatrics,(225) 270-5891,amy.lucero@hospital.com,C42
D322,Meagan Monroe,Cardiology,(015) 630-6465,meagan.monroe@hospital.com,C3
D323,Steven Garcia,Dermatology,(679) 415-8879,steven.garcia@hospital.com,C37
D324,Linda Henry,Dermatology,(235) 588-5446,linda.henry@hospital.com,C3
D325,Micheal Tate,Cardiology,(549) 765-3318,micheal.tate@hospital.com,C15
D326,Adam Williams,Pediatrics,(619) 021-7163,adam.williams@hospital.com,C25
D327,Stephanie West,Dermatology,(086) 416-9107,stephanie.west@hospital.com,C4
D328,Mary Lang,Pediatrics,(595) 958-3937,mary.lang@hospital.com,C19
D329,Stephen Davis,Dermatology,(982) 506-1943,stephen.davis@hospital.com,C5
D330,Adam Diaz,Cardiology,(270) 870-2872,adam.diaz@hospital.com,C1
D331,Ashley Villegas,Dermatology,(646) 439-4294,ashley.villegas@hospital.com,C11
D332,Michelle Spencer,Pediatrics,(262) 924-8608,michelle.spencer@hospital.com,C9
D333,Brenda Hansen,Dermatology,(112) 000-4666,brenda.hansen@hospital.com,C4
D334,Jacob Carroll,Cardiology,(084) 745-1645,jacob.carroll@hospital.com,C5
D335,Kristina Dixon,Pediatrics,(137) 721-9484,kristina.dixon@hospital.com,C7
D336,Tara Gonzalez,Pediatrics,(934) 418-9635,tara.gonzalez@hospital.com,C45
D337,Evan Shields,Cardiology,(064) 295-2546,evan.shields@hospital.com,C9
D338,Gary Smith,Dermatology,(863) 472-8062,gary.smith@hospital.com,C20
D339,Jasmin Hunter,Cardiology,(966) 422-8873,jasmin.hunter@hospital.com,C25
D340,James Ortiz,Dermatology,(452) 818-6779,james.ortiz@hospital.com,C24
D341,Jonathan Hoover,Cardiology,(795) 047-7100,jonathan.hoover@hospital.com,C33
D342,Christine Greer,Cardiology,(117) 690-2012,christine.greer@hospital.com,C34
D343,Gregory Hoffman,Pediatrics,(642) 959-6869,gregory.hoffman@hospital.com,C28
D344,William Benton,Dermatology,(934) 499-5867,william.benton@hospital.com,C27
D345,David Oneill,Cardiology,(500) 482-1355,david.oneill@hospital.com,C43
D346,Bruce Gaines,Cardiology,(651) 165-0642,bruce.gaines@hospital.com,C47
D347,Lisa Clark,Cardiology,(142) 494-4199,lisa.clark@hospital.com,C34
D348,Carlos Scott,Pediatrics,(800) 926-3882,carlos.scott@hospital.com,C25
D349,Christopher Green,Dermatology,(689) 928-5435,christopher.green@hospital.com,C28
D350,David Rubio,Pediatrics,(968) 910-3355,david.rubio@hospital.com,C47
D351,Joseph Shelton,Cardiology,(386) 282-8642,joseph.shelton@hospital.com,C9
D352,Tiffany Lopez,Dermatology,(142) 226-9173,tiffany.lopez@hospital.com,C38
D353,Ryan Clay,Pediatrics,(986) 566-8398,ryan.clay@hospital.com,C24
D354,Raymond Smith,Dermatology,(792) 239-8955,raymond.smith@hospital.com,C11
D355,Robert Williamson,Pediatrics,(776) 743-3134,robert.williamson@hospital.com,C35
D356,James Burton,Cardiology,(123) 760-7894,james.burton@hospital.com,C9
D357,Henry Blake,Cardiology,(033) 794-6101,henry.blake@hospital.com,C24
D358,Peter Jenkins,Cardiology,(600) 184-6679,peter.jenkins@hospital.com,C37
D359,Richard Arias,Cardiology,(832) 906-0968,richard.arias@hospital.com,C38
D360,Jillian Dawson,Dermatology,(297) 355-4471,jillian.dawson@hospital.com,C47
D361,Michael Garcia,Cardiology,(835) 504-3268,michael.garcia@hospital.com,C23
D362,Rachel Perez,Pediatrics,(778) 019-0094,rachel.perez@hospital.com,C29
D363,Kelly Anderson,Pediatrics,(381) 207-1090,kelly.anderson@hospital.com,C24
D364,Steven Clark,Dermatology,(680) 052-7368,steven.clark@hospital.com,C46
D365,James Fletcher,Dermatology,(542) 118-5712,james.fletcher@hospital.com,C9
D366,Matthew Diaz,Cardiology,(196) 022-0333,matthew.diaz@hospital.com,C8
D367,Daniel Navarro,Pediatrics,(080) 265-3156,daniel.navarro@hospital.com,C38
D368,Rodney Mcdaniel,Dermatology,(236) 945-7366,rodney.mcdaniel@hospital.com,C15
D369,Stephen Austin,Dermatology,(296) 770-9816,stephen.austin@hospital.com,C46
D370,Samantha Ramsey,Dermatology,(938) 469-9657,samantha.ramsey@hospital.com,C15
D371,Kathy Arnold,Pediatrics,(632) 289-0881,kathy.arnold@hospital.com,C22
D372,Ronnie Rivera,Cardiology,(268) 597-4756,ronnie.rivera@hospital.com,C3
D373,Diane Malone,Cardiology,(160) 145-6940,diane.malone@hospital.com,C25
D374,Joseph Edwards,Pediatrics,(543) 157-1456,joseph.edwards@hospital.com,C15
D375,Jamie Griffith,Dermatology,(815) 407-3074,jamie.griffith@hospital.com,C12
D376,Mark Murphy,Pediatrics,(370) 319-5481,mark.murphy@hospital.com,C29
D377,John Jones,Dermatology,(263) 697-1129,john.jones@hospital.com,C17
D378,Rebecca Landry,Cardiology,(510) 152-9821,rebecca.landry@hospital.com,C30
D379,Steve Mata,Dermatology,(315) 845-6781,steve.mata@hospital.com,C2
D380,Frank Evans,Pediatrics,(103) 899-4796,frank.evans@hospital.com,C4
D381,Brenda Taylor,Cardiology,(099) 106-7002,brenda.taylor@hospital.com,C13
D382,Mary Mcdonald,Cardiology,(158) 992-7146,mary.mcdonald@hospital.com,C23
D383,Dawn Hudson,Dermatology,(417) 699-1551,dawn.hudson@hospital.com,C32
D384,Sandra Williams,Cardiology,(417) 776-7675,sandra.williams@hospital.com,C6
D385,Michele Alvarez,Pediatrics,(932) 577-5447,michele.alvarez@hospital.com,C4
D386,Heather Middleton,Dermatology,(227) 609-2670,heather.middleton@hospital.com,C45
D387,Ryan Atkins,Pediatrics,(802) 019-7824,ryan.atkins@hospital.com,C4
D388,Matthew Scott,Cardiology,(488) 936-0604,matthew.scott@hospital.com,C37
D389,Gordon Pearson,Pediatrics,(038) 116-6663,gordon.pearson@hospital.com,C16
D390,Jacob James,Cardiology,(149) 193-0062,jacob.james@hospital.com,C17
D391,Tara Johnson,Dermatology,(648) 491-3997,tara.johnson@hospital.com,C4
D392,Mike Gilbert,Pediatrics,(715) 472-1413,mike.gilbert@hospital.com,C21
D393,Jay Rojas,Pediatrics,(745) 184-6112,jay.rojas@hospital.com,C50
D394,William King,Dermatology,(878) 656-5185,william.king@hospital.com,C39
D395,Elizabeth Park,Cardiology,(524) 301-8420,elizabeth.park@hospital.com,C10
D396,Anthony Bailey,Pediatrics,(357) 016-1500,anthony.bailey@hospital.com,C21
D397,Paul Dunn,Dermatology,(409) 952-6022,paul.dunn@hospital.com,C2
D398,Jill Page,Dermatology,(787) 714-6321,jill.page@hospital.com,C32
D399,Matthew Barnes,Dermatology,(636) 654-1445,matthew.barnes@hospital.com,C16
D400,Richard Lopez,Cardiology,(213) 488-0872,richard.lopez@hospital.com,C13
D401,Michele Brady,Cardiology,(567) 593-5255,michele.brady@hospital.com,C35
D402,Joel Conway,Cardiology,(482) 710-5170,joel.conway@hospital.com,C15
D403,Brian Willis,Dermatology,(613) 795-8002,brian.willis@hospital.com,C45
D404,Jacqueline Sharp,Pediatrics,(104) 777-9811,jacqueline.sharp@hospital.com,C6
D405,Debra Rivera,Dermatology,(335) 464-0988,debra.rivera@hospital.com,C35
D406,Linda Sparks,Cardiology,(953) 683-9793,linda.sparks@hospital.com,C22
D407,Abigail Price,Dermatology,(393) 498-0623,abigail.price@hospital.com,C19
D408,Tammy Briggs,Dermatology,(465) 225-3513,tammy.briggs@hospital.com,C25
D409,Andre Martinez,Cardiology,(905) 161-0606,andre.martinez@hospital.com,C23
D410,Danielle Stewart,Dermatology,(277) 771-6981,danielle.stewart@hospital.com,C26
D411,Jim Smith,Cardiology,(086) 479-9216,jim.smith@hospital.com,C44
D412,Shannon Dawson,Cardiology,(511) 796-3564,shannon.dawson@hospital.com,C27
D413,Theodore Ramsey,Dermatology,(408) 638-3534,theodore.ramsey@hospital.com,C21
D414,David Miller,Dermatology,(050) 943-8260,david.miller@hospital.com,C35
D415,Patricia Diaz,Pediatrics,(923) 041-4150,patricia.diaz@hospital.com,C31
D416,Susan Cook,Dermatology,(454) 258-1474,susan.cook@hospital.com,C18
D417,Gary Mendez,Cardiology,(013) 300-4480,gary.mendez@hospital.com,C27
D418,Hannah Novak,Cardiology,(662) 262-3735,hannah.novak@hospital.com,C36
D419,Travis Buchanan,Cardiology,(560) 578-2520,travis.buchanan@hospital.com,C25
D420,Megan Vargas,Dermatology,(012) 211-8594,megan.vargas@hospital.com,C16
D421,Robert Johnston,Cardiology,(494) 245-9547,robert.johnston@hospital.com,C34
D422,Christy Watkins,Cardiology,(998) 607-3481,christy.watkins@hospital.com,C9
D423,Ryan Gray,Pediatrics,(647) 437-4058,ryan.gray@hospital.com,C8
D424,Jennifer Davis,Pediatrics,(623) 113-7311,jennifer.davis@hospital.com,C47
D425,Ashley Paul,Cardiology,(200) 099-1050,ashley.paul@hospital.com,C13
D426,Kevin Espinoza,Dermatology,(919) 118-6161,kevin.espinoza@hospital.com,C28
D427,Matthew Castillo,Dermatology,(640) 075-5974,matthew.castillo@hospital.com,C23
D428,Benjamin Caldwell,Pediatrics,(421) 292-9862,benjamin.caldwell@hospital.com,C39
D429,Jennifer Matthews,Cardiology,(092) 762-6841,jennifer.matthews@hospital.com,C35
D430,Abigail Levy,Dermatology,(547) 405-4051,abigail.levy@hospital.com,C33
D431,Larry Warner,Pediatrics,(575) 094-2127,larry.warner@hospital.com,C29
D432,Todd Watson,Cardiology,(413) 282-7463,todd.watson@hospital.com,C26
D433,Charles Cervantes,Cardiology,(406) 244-7792,charles.cervantes@hospital.com,C7
D434,Dana Baldwin,Pediatrics,(937) 964-9484,dana.baldwin@hospital.com,C17
D435,Jason Daniels,Pediatrics,(232) 074-3009,jason.daniels@hospital.com,C44
D436,Jesus Rose,Dermatology,(434) 610-4414,jesus.rose@hospital.com,C44
D437,Nancy Meyer,Pediatrics,(444) 402-7838,nancy.meyer@hospital.com,C3
D438,Micheal Bennett,Dermatology,(542) 057-5916,micheal.bennett@hospital.com,C35
D439,Tara Norman,Pediatrics,(165) 900-5293,tara.norman@hospital.com,C5
D440,Maria Galvan,Cardiology,(505) 286-5333,maria.galvan@hospital.com,C7
D441,Elizabeth Watson,Dermatology,(533) 497-9994,elizabeth.watson@hospital.com,C31
D442,Nicholas Perry,Cardiology,(060) 603-4664,nicholas.perry@hospital.com,C26
D443,James Thompson,Pediatrics,(668) 155-5689,james.thompson@hospital.com,C11
D444,Matthew Ellis,Dermatology,(545) 209-2715,matthew.ellis@hospital.com,C12
D445,Tina Davis,Pediatrics,(040) 645-7887,tina.davis@hospital.com,C38
D446,Todd Stewart,Cardiology,(654) 044-9503,todd.stewart@hospital.com,C8
D447,Brianna Richard,Dermatology,(315) 073-1473,brianna.richard@hospital.com,C32
D448,Rachel Jones,Dermatology,(622) 240-6419,rachel.jones@hospital.com,C25
D449,Shawn Jones,Dermatology,(671) 755-0752,shawn.jones@hospital.com,C24
D450,Joel Gonzalez,Dermatology,(977) 319-0877,joel.gonzalez@hospital.com,C15
D451,Zachary Park,Pediatrics,(466) 166-5843,zachary.park@hospital.com,C6
D452,Jacqueline Wall,Cardiology,(402) 562-5584,jacqueline.wall@hospital.com,C46
D453,Catherine Romero,Cardiology,(357) 546-3900,catherine.romero@hospital.com,C33
D454,Lisa Mcconnell,Pediatrics,(862) 997-6440,lisa.mcconnell@hospital.com,C35
D455,Angela Russo,Pediatrics,(680) 609-7174,angela.russo@hospital.com,C38
D456,Ryan Morris,Dermatology,(119) 064-8773,ryan.morris@hospital.com,C11
D457,Carlos Jones,Dermatology,(905) 206-8455,carlos.jones@hospital.com,C44
D458,Kristy Mckinney,Pediatrics,(102) 761-1636,kristy.mckinney@hospital.com,C25
D459,Alexandra Drake,Cardiology,(413) 566-6242,alexandra.drake@hospital.com,C47
D460,Kurt Moore,Cardiology,(042) 416-6961,kurt.moore@hospital.com,C32
D461,Briana Coleman,Pediatrics,(982) 577-5740,briana.coleman@hospital.com,C3
D462,Jocelyn Stewart,Dermatology,(587) 993-1978,jocelyn.stewart@hospital.com,C26
D463,Patricia Brown,Dermatology,(558) 892-2739,patricia.brown@hospital.com,C10
D464,Tyler Reilly,Cardiology,(265) 235-9915,tyler.reilly@hospital.com,C30
D465,Steven Wright,Dermatology,(663) 345-7048,steven.wright@hospital.com,C48
D466,Brenda Wagner,Pediatrics,(733) 659-7336,brenda.wagner@hospital.com,C39
D467,Jamie Hodge,Pediatrics,(652) 882-0992,jamie.hodge@hospital.com,C24
D468,Matthew Perkins,Dermatology,(727) 384-7978,matthew.perkins@hospital.com,C28
D469,Tracy Gomez,Cardiology,(713) 831-4009,tracy.gomez@hospital.com,C36
D470,Kimberly Whitaker,Cardiology,(827) 068-7580,kimberly.whitaker@hospital.com,C42
D471,John Dunlap,Pediatrics,(079) 809-2610,john.dunlap@hospital.com,C47
D472,Madison Young,Cardiology,(270) 796-1087,madison.young@hospital.com,C39
D473,Tommy Green,Cardiology,(116) 882-6156,tommy.green@hospital.com,C17
D474,James Thompson,Dermatology,(446) 942-6730,james.thompson@hospital.com,C41
D475,Jacob Ward,Pediatrics,(703) 820-2332,jacob.ward@hospital.com,C18
D476,Julie Howard,Dermatology,(568) 253-4945,julie.howard@hospital.com,C37
D477,Angelica Hunt,Dermatology,(667) 115-6726,angelica.hunt@hospital.com,C22
D478,Gregory Griffith,Dermatology,(369) 734-5046,gregory.griffith@hospital.com,C25
D479,Heather Williams,Dermatology,(471) 896-0443,heather.williams@hospital.com,C42
D480,Jimmy Fuller,Cardiology,(470) 046-4941,jimmy.fuller@hospital.com,C16
D481,Jocelyn Roy,Pediatrics,(677) 914-4086,jocelyn.roy@hospital.com,C5
D482,Kayla Baker,Dermatology,(704) 399-2299,kayla.baker@hospital.com,C34
D483,Elizabeth Cruz,Cardiology,(044) 814-1894,elizabeth.cruz@hospital.com,C39
D484,Mark Morton,Pediatrics,(283) 651-7607,mark.morton@hospital.com,C43
D485,Joshua Johns,Dermatology,(025) 661-2830,joshua.johns@hospital.com,C1
D486,Jeffrey Perry,Cardiology,(953) 076-6946,jeffrey.perry@hospital.com,C44
D487,Jason Miller,Cardiology,(279) 141-4801,jason.miller@hospital.com,C25
D488,Eric Elliott,Cardiology,(894) 334-5623,eric.elliott@hospital.com,C46
D489,Shelby Barnes,Pediatrics,(240) 462-7508,shelby.barnes@hospital.com,C12
D490,Peter Townsend,Dermatology,(351) 783-5361,peter.townsend@hospital.com,C7
D491,Tamara Payne,Pediatrics,(712) 721-5434,tamara.payne@hospital.com,C16
D492,Benjamin Gardner,Pediatrics,(916) 183-2593,benjamin.gardner@hospital.com,C4
D493,Donald Sandoval,Cardiology,(631) 141-4295,donald.sandoval@hospital.com,C25
D494,Daniel Guerrero,Cardiology,(447) 599-6699,daniel.guerrero@hospital.com,C12
D495,Loretta Stevens,Cardiology,(525) 431-8335,loretta.stevens@hospital.com,C48
D496,Adam Phillips,Pediatrics,(864) 065-5328,adam.phillips@hospital.com,C45
D497,Megan Meyer,Cardiology,(567) 924-3500,megan.meyer@hospital.com,C13
D498,Richard Little,Pediatrics,(179) 948-2625,richard.little@hospital.com,C23
D499,Joshua Wagner,Pediatrics,(156) 396-1439,joshua.wagner@hospital.com,C13
D500,Gina Brown,Cardiology,(736) 050-7035,gina.brown@hospital.com,C1
