staff_id,full_name,role,clinic_id,phone,email
S1,Caitlin Smith,Nurse,C49,(442) 119-5983,caitlin.smith@clinic.com
S2,John Gonzales,Receptionist,C2,(737) 260-0999,john.gonzales@clinic.com
S3,Kevin Palmer,Receptionist,C26,(263) 493-4210,kevin.palmer@clinic.com
S4,Jonathan Parker,Receptionist,C16,(236) 615-1329,jonathan.parker@clinic.com
S5,Kevin Li,Receptionist,C11,(314) 262-5410,kevin.li@clinic.com
S6,Keith Kirk,Receptionist,C25,(819) 896-8286,keith.kirk@clinic.com
S7,John Smith,Nurse,C4,(691) 059-0299,john.smith@clinic.com
S8,Thomas Zuniga,Receptionist,C23,(847) 018-1469,thomas.zuniga@clinic.com
S9,Sabrina Frederick,Receptionist,C24,(101) 109-6478,sabrina.frederick@clinic.com
S10,Jesus Nielsen,Nurse,C31,(121) 422-7662,jesus.nielsen@clinic.com
S11,Misty Lopez,Nurse,C21,(313) 122-2498,misty.lopez@clinic.com
S12,Michael Cooper,Nurse,C12,(834) 590-9458,michael.cooper@clinic.com
S13,Amanda Luna,Nurse,C26,(662) 178-7778,amanda.luna@clinic.com
S14,Melissa Coleman,Receptionist,C12,(686) 403-8798,melissa.coleman@clinic.com
S15,Timothy Wiley,Nurse,C11,(265) 721-5429,timothy.wiley@clinic.com
S16,Amber Jackson,Receptionist,C32,(712) 753-7666,amber.jackson@clinic.com
S17,Jesse Baker,Receptionist,C39,(361) 938-9170,jesse.baker@clinic.com
S18,Michael Cervantes,Nurse,C19,(916) 995-6507,michael.cervantes@clinic.com
S19,Ian Lynn,Receptionist,C15,(946) 434-5846,ian.lynn@clinic.com
S20,Eric Myers,Nurse,C46,(151) 226-7623,eric.myers@clinic.com
S21,Vincent Hayes,Receptionist,C38,(507) 728-9626,vincent.hayes@clinic.com
S22,Paula Murphy,Nurse,C8,(200) 861-2925,paula.murphy@clinic.com
S23,William Cantu,Receptionist,C11,(588) 972-3489,william.cantu@clinic.com
S24,Mark Rodriguez,Receptionist,C20,(037) 509-0463,mark.rodriguez@clinic.com
S25,Elizabeth Sullivan,Receptionist,C36,(923) 044-2514,elizabeth.sullivan@clinic.com
S26,Jordan Conrad,Receptionist,C20,(127) 509-4752,jordan.conrad@clinic.com
S27,Teresa Jones,Receptionist,C48,(787) 566-8720,teresa.jones@clinic.com
S28,Thomas Boyd,Receptionist,C9,(205) 558-3059,thomas.boyd@clinic.com
S29,Shannon Hall,Nurse,C3,(618) 179-0616,shannon.hall@clinic.com
S30,Brian Miranda,Nurse,C20,(789) 122-8154,brian.miranda@clinic.com
S31,Erin Clark,Receptionist,C37,(926) 101-1448,erin.clark@clinic.com
S32,Adam Thomas,Receptionist,C44,(033) 821-1645,adam.thomas@clinic.com
S33,John Graves,Nurse,C25,(981) 947-2670,john.graves@clinic.com
S34,Courtney Gibson,Nurse,C29,(367) 190-1838,courtney.gibson@clinic.com
S35,Jessica Patterson,Receptionist,C4,(902) 524-3611,jessica.patterson@clinic.com
S36,Vanessa Smith,Receptionist,C22,(735) 957-3197,vanessa.smith@clinic.com
S37,Kelly Ferguson,Nurse,C29,(102) 884-4793,kelly.ferguson@clinic.com
S38,Harold Caldwell,Receptionist,C47,(278) 760-4820,harold.caldwell@clinic.com
S39,Pam Munoz,Receptionist,C16,(264) 085-3410,pam.munoz@clinic.com
S40,Steven Harvey,Nurse,C11,(874) 482-4491,steven.harvey@clinic.com
S41,Logan White,Receptionist,C8,(842) 901-9712,logan.white@clinic.com
S42,Joshua Figueroa,Nurse,C7,(169) 076-4943,joshua.figueroa@clinic.com
S43,Stacy Russell,Receptionist,C38,(841) 104-1501,stacy.russell@clinic.com
S44,Jeremy Yates,Receptionist,C40,(954) 785-0653,jeremy.yates@clinic.com
S45,Scott Carroll,Receptionist,C38,(044) 972-8486,scott.carroll@clinic.com
S46,David Johnson,Nurse,C40,(533) 869-0543,david.johnson@clinic.com
S47,Joshua Ramos,Receptionist,C36,(207) 406-5377,joshua.ramos@clinic.com
S48,Christine Davis,Receptionist,C2,(236) 932-0492,christine.davis@clinic.com
S49,Andrew Gardner,Nurse,C24,(861) 340-6909,andrew.gardner@clinic.com
S50,Anna Logan,Nurse,C39,(064) 873-7759,anna.logan@clinic.com
S51,Thomas White,Nurse,C8,(838) 345-8728,thomas.white@clinic.com
S52,Teresa Jensen,Receptionist,C12,(101) 458-0939,teresa.jensen@clinic.com
S53,Joan Duarte,Receptionist,C27,(266) 872-9837,joan.duarte@clinic.com
S54,Ann Jackson,Receptionist,C31,(898) 931-9333,ann.jackson@clinic.com
S55,Margaret Bryant,Nurse,C38,(947) 064-5085,margaret.bryant@clinic.com
S56,Carla Jones,Nurse,C24,(174) 991-9384,carla.jones@clinic.com
S57,Pamela Johnson,Nurse,C41,(962) 942-1573,pamela.johnson@clinic.com
S58,Kevin Baker,Receptionist,C46,(695) 949-1574,kevin.baker@clinic.com
S59,Jerry Cook,Receptionist,C47,(722) 578-9895,jerry.cook@clinic.com
S60,Eric Yang,Nurse,C30,(472) 534-5291,eric.yang@clinic.com
S61,Noah Petersen,Receptionist,C20,(486) 149-0750,noah.petersen@clinic.com
S62,Shane Esparza,Receptionist,C7,(399) 139-6450,shane.esparza@clinic.com
S63,Connie Romero,Receptionist,C2,(154) 205-5026,connie.romero@clinic.com
S64,Diana Colon,Receptionist,C40,(736) 409-2887,diana.colon@clinic.com
S65,Anthony Cline,Receptionist,C39,(675) 979-0822,anthony.cline@clinic.com
S66,Martha Flores,Receptionist,C29,(705) 144-0047,martha.flores@clinic.com
S67,Keith Adams,Receptionist,C41,(003) 652-3031,keith.adams@clinic.com
S68,Mary Harrison,Receptionist,C44,(798) 429-8769,mary.harrison@clinic.com
S69,Jennifer Everett,Receptionist,C39,(774) 633-7575,jennifer.everett@clinic.com
S70,Sharon Smith,Nurse,C50,(349) 392-9995,sharon.smith@clinic.com
S71,Kimberly Burke,Receptionist,C38,(968) 847-7223,kimberly.burke@clinic.com
S72,Kimberly Welch,Nurse,C47,(190) 539-4819,kimberly.welch@clinic.com
S73,Brenda Bowman,Receptionist,C1,(998) 942-1245,brenda.bowman@clinic.com
S74,Richard Weaver,Nurse,C18,(380) 805-3100,richard.weaver@clinic.com
S75,Ashley Rowe,Receptionist,C2,(709) 390-9646,ashley.rowe@clinic.com
S76,Daniel Lucas,Nurse,C31,(261) 604-3647,daniel.lucas@clinic.com
S77,Faith Cannon,Nurse,C28,(056) 163-1204,faith.cannon@clinic.com
S78,Anita Guzman,Nurse,C38,(526) 122-2496,anita.guzman@clinic.com
S79,Brianna Bass,Receptionist,C37,(603) 830-6111,brianna.bass@clinic.com
S80,Thomas Brown,Receptionist,C36,(122) 330-7342,thomas.brown@clinic.com
S81,Kathleen Webb,Nurse,C4,(787) 044-4961,kathleen.webb@clinic.com
S82,Mary Sanders,Receptionist,C49,(161) 461-0786,mary.sanders@clinic.com
S83,Desiree Bond,Receptionist,C7,(770) 536-3674,desiree.bond@clinic.com
S84,Danny Hicks,Nurse,C30,(860) 183-7595,danny.hicks@clinic.com
S85,Robert Lynch,Receptionist,C25,(920) 739-7134,robert.lynch@clinic.com
S86,Melissa Adams,Receptionist,C24,(860) 345-0416,melissa.adams@clinic.com
S87,Vanessa Jefferson,Receptionist,C37,(597) 108-3766,vanessa.jefferson@clinic.com
S88,Daniel Russell,Receptionist,C22,(355) 822-4135,daniel.russell@clinic.com
S89,Adam Dunn,Nurse,C41,(270) 850-2706,adam.dunn@clinic.com
S90,Julie Carpenter,Nurse,C44,(351) 457-0348,julie.carpenter@clinic.com
S91,Jennifer Bennett,Nurse,C48,(262) 538-0657,jennifer.bennett@clinic.com
S92,Stephen Stuart,Receptionist,C20,(823) 001-5756,stephen.stuart@clinic.com
S93,Christina Daniel,Nurse,C18,(060) 047-5956,christina.daniel@clinic.com
S94,Veronica Weber,Receptionist,C28,(089) 050-3509,veronica.weber@clinic.com
S95,Laura Gilbert,Nurse,C48,(715) 844-7089,laura.gilbert@clinic.com
S96,Melinda Mendez,Nurse,C14,(427) 117-1569,melinda.mendez@clinic.com
S97,John Warren,Nurse,C43,(774) 462-6703,john.warren@clinic.com
S98,James Gibson,Receptionist,C15,(694) 250-0289,james.gibson@clinic.com
S99,Derek Clark,Nurse,C1,(666) 917-6307,derek.clark@clinic.com
S100,Amber Thompson,Nurse,C9,(663) 029-2551,amber.thompson@clinic.com
S101,Amanda Brown,Nurse,C22,(072) 122-8696,amanda.brown@clinic.com
S102,Adam Castillo,Receptionist,C32,(859) 120-9957,adam.castillo@clinic.com
S103,Joshua Rodriguez,Nurse,C48,(563) 189-4335,joshua.rodriguez@clinic.com
S104,Carly Brown,Nurse,C28,(055) 761-6169,carly.brown@clinic.com
S105,Katherine Henry,Nurse,C25,(275) 718-1321,katherine.henry@clinic.com
S106,Shannon Richards,Receptionist,C3,(212) 450-3872,shannon.richards@clinic.com
S107,Thomas Gutierrez,Receptionist,C13,(851) 253-2211,thomas.gutierrez@clinic.com
S108,Anthony Nguyen,Nurse,C5,(008) 294-5202,anthony.nguyen@clinic.com
S109,Todd Graves,Nurse,C28,(794) 066-8845,todd.graves@clinic.com
S110,Michael Hoffman,Nurse,C17,(261) 517-4471,michael.hoffman@clinic.com
S111,Stacey Perry,Receptionist,C31,(724) 212-1557,stacey.perry@clinic.com
S112,Anthony Bradley,Receptionist,C38,(550) 564-1943,anthony.bradley@clinic.com
S113,Kevin Davis,Receptionist,C41,(262) 240-2020,kevin.davis@clinic.com
S114,Emily Rogers,Nurse,C32,(107) 406-8394,emily.rogers@clinic.com
S115,Antonio Marshall,Nurse,C24,(189) 538-5370,antonio.marshall@clinic.com
S116,Andrew Matthews,Nurse,C13,(709) 169-7071,andrew.matthews@clinic.com
S117,Maria Sims,Receptionist,C33,(436) 220-1695,maria.sims@clinic.com
S118,Michael Moore,Nurse,C14,(579) 241-2813,michael.moore@clinic.com
S119,Christopher Jones,Nurse,C14,(527) 258-2661,christopher.jones@clinic.com
S120,Laurie Rivas,Receptionist,C33,(986) 476-7944,laurie.rivas@clinic.com
S121,Kristen Williams,Nurse,C45,(986) 883-7041,kristen.williams@clinic.com
S122,Gabriel Knox,Nurse,C36,(609) 923-9530,gabriel.knox@clinic.com
S123,Anthony Reilly,Nurse,C12,(235) 718-4126,anthony.reilly@clinic.com
S124,Kenneth Johnston,Receptionist,C44,(905) 908-9415,kenneth.johnston@clinic.com
S125,Mark Jones,Nurse,C30,(873) 546-8108,mark.jones@clinic.com
S126,Angela Buckley,Nurse,C44,(842) 455-5894,angela.buckley@clinic.com
S127,Virginia Fernandez,Receptionist,C33,(311) 405-1819,virginia.fernandez@clinic.com
S128,Thomas Harris,Nurse,C5,(792) 692-2718,thomas.harris@clinic.com
S129,Elizabeth Molina,Receptionist,C6,(261) 514-6859,elizabeth.molina@clinic.com
S130,Lisa Ibarra,Receptionist,C38,(821) 158-7498,lisa.ibarra@clinic.com
S131,Paul Johnson,Nurse,C4,(328) 521-6897,paul.johnson@clinic.com
S132,Scott Camacho,Receptionist,C5,(243) 478-2153,scott.camacho@clinic.com
S133,Sarah Taylor,Receptionist,C23,(975) 166-8712,sarah.taylor@clinic.com
S134,Melissa Simon,Receptionist,C2,(705) 010-0871,melissa.simon@clinic.com
S135,Martin Carter,Receptionist,C42,(069) 042-5515,martin.carter@clinic.com
S136,Manuel Anderson,Receptionist,C37,(898) 388-2278,manuel.anderson@clinic.com
S137,Aaron Pittman,Nurse,C3,(558) 344-4199,aaron.pittman@clinic.com
S138,Kathleen Khan,Nurse,C47,(779) 032-3762,kathleen.khan@clinic.com
S139,Catherine Moody,Nurse,C42,(322) 068-9349,catherine.moody@clinic.com
S140,Kristine Marshall,Nurse,C38,(416) 605-5149,kristine.marshall@clinic.com
S141,Jessica Baker,Receptionist,C11,(777) 477-6051,jessica.baker@clinic.com
S142,Brian Brooks,Nurse,C37,(087) 296-9874,brian.brooks@clinic.com
S143,Christine Burke,Receptionist,C42,(170) 904-2028,christine.burke@clinic.com
S144,Sherri Wood,Receptionist,C32,(739) 931-9136,sherri.wood@clinic.com
S145,Daniel Young,Receptionist,C25,(273) 005-1136,daniel.young@clinic.com
S146,Scott Wilson,Receptionist,C32,(374) 950-8901,scott.wilson@clinic.com
S147,Veronica Wilson,Receptionist,C24,(216) 758-3051,veronica.wilson@clinic.com
S148,Jacob Moore,Nurse,C39,(907) 645-5292,jacob.moore@clinic.com
S149,Sherri Figueroa,Nurse,C37,(346) 786-1366,sherri.figueroa@clinic.com
S150,Daniel Herrera,Nurse,C11,(440) 302-2979,daniel.herrera@clinic.com
S151,Russell Chen,Nurse,C40,(380) 898-1869,russell.chen@clinic.com
S152,Mike Ramirez,Receptionist,C4,(399) 347-6406,mike.ramirez@clinic.com
S153,Jacqueline Riddle,Receptionist,C44,(568) 958-6369,jacqueline.riddle@clinic.com
S154,Rachel Miller,Receptionist,C43,(201) 742-4399,rachel.miller@clinic.com
S155,Franklin Davis,Nurse,C27,(708) 629-0414,franklin.davis@clinic.com
S156,Nicole Johnson,Nurse,C3,(937) 353-9895,nicole.johnson@clinic.com
S157,Christian Johnson,Nurse,C12,(849) 645-3748,christian.johnson@clinic.com
S158,Daniel Lara,Receptionist,C5,(210) 829-8502,daniel.lara@clinic.com
S159,Lydia Garcia,Receptionist,C4,(818) 353-2373,lydia.garcia@clinic.com
S160,Katherine Cisneros,Receptionist,C1,(308) 207-5189,katherine.cisneros@clinic.com
S161,Seth Harrell,Receptionist,C37,(576) 474-1720,seth.harrell@clinic.com
S162,Michelle Barker,Receptionist,C19,(144) 250-4901,michelle.barker@clinic.com
S163,Edwin Richardson,Receptionist,C44,(661) 287-6257,edwin.richardson@clinic.com
S164,Paul Moore,Receptionist,C25,(891) 927-0947,paul.moore@clinic.com
S165,Andrea Mills,Nurse,C21,(242) 294-1998,andrea.mills@clinic.com
S166,Melanie Hickman,Nurse,C47,(299) 449-2523,melanie.hickman@clinic.com
S167,Michael Allen,Nurse,C23,(558) 099-5802,michael.allen@clinic.com
S168,Michelle Jensen,Receptionist,C6,(940) 741-3010,michelle.jensen@clinic.com
S169,Laura Davis,Nurse,C25,(184) 397-0978,laura.davis@clinic.com
S170,Rachel Baird,Nurse,C41,(255) 317-5376,rachel.baird@clinic.com
S171,Robert Barrett,Receptionist,C38,(689) 498-1267,robert.barrett@clinic.com
S172,Jamie Martinez,Receptionist,C20,(575) 158-8325,jamie.martinez@clinic.com
S173,Michael Young,Nurse,C38,(010) 011-7664,michael.young@clinic.com
S174,Taylor Phelps,Receptionist,C35,(582) 666-1937,taylor.phelps@clinic.com
S175,Robert Stokes,Receptionist,C9,(868) 399-5789,robert.stokes@clinic.com
S176,Amanda Johnson,Nurse,C33,(014) 839-4198,amanda.johnson@clinic.com
S177,Karen Daniel,Nurse,C40,(685) 150-7932,karen.daniel@clinic.com
S178,Robert Black,Nurse,C45,(345) 936-4471,robert.black@clinic.com
S179,Karen Rodriguez,Receptionist,C10,(243) 438-1735,karen.rodriguez@clinic.com
S180,Kristin Leach,Receptionist,C4,(155) 139-2698,kristin.leach@clinic.com
S181,Shannon Garcia,Receptionist,C41,(128) 483-1518,shannon.garcia@clinic.com
S182,Daniel Miller,Nurse,C8,(099) 526-4359,daniel.miller@clinic.com
S183,Angela Adams,Nurse,C6,(232) 707-7354,angela.adams@clinic.com
S184,Jason Goodman,Nurse,C43,(870) 992-2819,jason.goodman@clinic.com
S185,Jeffrey Holt,Nurse,C9,(695) 378-4215,jeffrey.holt@clinic.com
S186,Zachary Davis,Nurse,C13,(092) 829-2896,zachary.davis@clinic.com
S187,Anne Frederick,Nurse,C7,(877) 765-1745,anne.frederick@clinic.com
S188,Matthew Gordon,Receptionist,C35,(700) 619-6506,matthew.gordon@clinic.com
S189,Vanessa Larson,Nurse,C19,(268) 451-3717,vanessa.larson@clinic.com
S190,Nathan Lawrence,Receptionist,C48,(467) 852-1085,nathan.lawrence@clinic.com
S191,Elijah Farmer,Receptionist,C37,(479) 611-2307,elijah.farmer@clinic.com
S192,Samuel Schmidt,Receptionist,C2,(785) 408-9987,samuel.schmidt@clinic.com
S193,Katherine Acosta,Nurse,C42,(540) 573-7931,katherine.acosta@clinic.com
S194,Linda Murphy,Nurse,C7,(439) 571-6353,linda.murphy@clinic.com
S195,Caleb Lee,Nurse,C32,(454) 893-9400,caleb.lee@clinic.com
S196,Larry Fuentes,Receptionist,C4,(069) 508-8387,larry.fuentes@clinic.com
S197,Jaime Long,Receptionist,C36,(014) 255-2366,jaime.long@clinic.com
S198,Sandy Snow,Nurse,C2,(841) 504-5053,sandy.snow@clinic.com
S199,Austin Green,Receptionist,C2,(730) 317-7328,austin.green@clinic.com
S200,David Bishop,Receptionist,C45,(213) 546-9632,david.bishop@clinic.com
S201,Michael Zuniga,Nurse,C30,(484) 287-2282,michael.zuniga@clinic.com
S202,Richard Johnson,Nurse,C49,(907) 232-5576,richard.johnson@clinic.com
S203,Pamela Kelly,Receptionist,C35,(046) 324-7144,pamela.kelly@clinic.com
S204,Steven Patterson,Receptionist,C45,(494) 850-1520,steven.patterson@clinic.com
S205,Michael Fox,Nurse,C11,(048) 292-2906,michael.fox@clinic.com
S206,Jeffrey Sims,Receptionist,C16,(145) 652-9603,jeffrey.sims@clinic.com
S207,George Turner,Receptionist,C41,(243) 946-9739,george.turner@clinic.com
S208,Lisa Brown,Nurse,C28,(618) 118-0258,lisa.brown@clinic.com
S209,Catherine Frost,Receptionist,C10,(724) 339-1189,catherine.frost@clinic.com
S210,Maria Wallace,Receptionist,C30,(594) 344-8414,maria.wallace@clinic.com
S211,James Johnson,Nurse,C28,(443) 603-0668,james.johnson@clinic.com
S212,Donna Stuart,Nurse,C38,(375) 169-9684,donna.stuart@clinic.com
S213,Adam Hubbard,Nurse,C36,(986) 038-2173,adam.hubbard@clinic.com
S214,Mark Williams,Nurse,C27,(746) 566-6432,mark.williams@clinic.com
S215,Justin Ortiz,Receptionist,C9,(328) 768-6721,justin.ortiz@clinic.com
S216,Thomas Fernandez,Nurse,C2,(257) 858-7051,thomas.fernandez@clinic.com
S217,Sheila Herring,Nurse,C10,(837) 973-8825,sheila.herring@clinic.com
S218,Edward Thomas,Receptionist,C3,(486) 073-1918,edward.thomas@clinic.com
S219,Ross Roberts,Nurse,C6,(843) 273-1716,ross.roberts@clinic.com
S220,Amanda Rios,Receptionist,C35,(313) 752-2339,amanda.rios@clinic.com
S221,Shannon Martinez,Nurse,C7,(319) 937-9039,shannon.martinez@clinic.com
S222,Sean Mora,Nurse,C2,(955) 674-8204,sean.mora@clinic.com
S223,Jessica Perez,Receptionist,C33,(956) 923-3954,jessica.perez@clinic.com
S224,Jennifer Palmer,Nurse,C45,(632) 470-1125,jennifer.palmer@clinic.com
S225,Carla Cain,Nurse,C26,(133) 594-0441,carla.cain@clinic.com
S226,Madeline Grant,Receptionist,C16,(939) 676-1141,madeline.grant@clinic.com
S227,John Murray,Nurse,C18,(703) 387-3603,john.murray@clinic.com
S228,Jose Castro,Receptionist,C44,(447) 075-2900,jose.castro@clinic.com
S229,Charles Ford,Receptionist,C28,(446) 701-1403,charles.ford@clinic.com
S230,Lucas Garcia,Receptionist,C41,(976) 562-6614,lucas.garcia@clinic.com
S231,Kevin Brooks,Receptionist,C47,(295) 372-1704,kevin.brooks@clinic.com
S232,Charles Roberts,Receptionist,C29,(148) 741-2145,charles.roberts@clinic.com
S233,Anna Alvarez,Nurse,C48,(956) 649-8244,anna.alvarez@clinic.com
S234,Melissa Ramirez,Nurse,C28,(843) 038-5860,melissa.ramirez@clinic.com
S235,Brittany Carter,Receptionist,C15,(518) 539-2731,brittany.carter@clinic.com
S236,Lori Wood,Nurse,C38,(327) 907-2265,lori.wood@clinic.com
S237,Crystal Reynolds,Nurse,C2,(381) 183-4057,crystal.reynolds@clinic.com
S238,Travis Vincent,Receptionist,C16,(251) 785-3807,travis.vincent@clinic.com
S239,Sarah Anderson,Nurse,C38,(556) 195-5583,sarah.anderson@clinic.com
S240,Joshua Hernandez,Nurse,C2,(384) 637-2245,joshua.hernandez@clinic.com
S241,Barbara Bell,Nurse,C33,(630) 242-5946,barbara.bell@clinic.com
S242,Laura Mcdaniel,Receptionist,C4,(048) 117-4437,laura.mcdaniel@clinic.com
S243,Michael Keith,Receptionist,C42,(360) 754-6307,michael.keith@clinic.com
S244,Amy Vazquez,Nurse,C50,(634) 461-0458,amy.vazquez@clinic.com
S245,Alan Nelson,Receptionist,C17,(133) 435-2744,alan.nelson@clinic.com
S246,Kimberly Phillips,Receptionist,C10,(248) 340-5063,kimberly.phillips@clinic.com
S247,Ashley Hunt,Receptionist,C2,(189) 438-9263,ashley.hunt@clinic.com
S248,Scott Lopez,Nurse,C20,(757) 070-0685,scott.lopez@clinic.com
S249,Bryan Jackson,Nurse,C1,(620) 513-0602,bryan.jackson@clinic.com
S250,Angela Hunter,Nurse,C13,(893) 082-5577,angela.hunter@clinic.com
S251,Laura Smith,Receptionist,C6,(035) 888-7303,laura.smith@clinic.com
S252,Jacqueline Ruiz,Nurse,C50,(463) 505-6739,jacqueline.ruiz@clinic.com
S253,Krystal Dennis,Receptionist,C14,(067) 105-9206,krystal.dennis@clinic.com
S254,Brian Howard,Nurse,C13,(559) 779-8941,brian.howard@clinic.com
S255,Matthew Wilson,Receptionist,C34,(290) 348-2470,matthew.wilson@clinic.com
S256,Eric Cook,Nurse,C8,(636) 032-1368,eric.cook@clinic.com
S257,Steven Carpenter,Nurse,C42,(533) 566-5298,steven.carpenter@clinic.com
S258,Frank Howell,Nurse,C9,(965) 856-4182,frank.howell@clinic.com
S259,Dawn Johnson,Nurse,C34,(946) 367-4438,dawn.johnson@clinic.com
S260,Christopher Vasquez,Nurse,C26,(487) 193-6993,christopher.vasquez@clinic.com
S261,Stacy Wright,Nurse,C4,(058) 431-0170,stacy.wright@clinic.com
S262,Jacqueline Massey,Nurse,C9,(374) 868-3062,jacqueline.massey@clinic.com
S263,Eric Nguyen,Nurse,C22,(970) 508-7733,eric.nguyen@clinic.com
S264,Charles Dennis,Receptionist,C46,(755) 475-5884,charles.dennis@clinic.com
S265,Michael Austin,Nurse,C34,(606) 600-8585,michael.austin@clinic.com
S266,Michael Lopez,Receptionist,C47,(189) 407-9289,michael.lopez@clinic.com
S267,Brandon Carrillo,Nurse,C15,(236) 939-9873,brandon.carrillo@clinic.com
S268,Christopher Valentine,Nurse,C7,(872) 904-5081,christopher.valentine@clinic.com
S269,Leslie Prince,Receptionist,C49,(438) 484-0790,leslie.prince@clinic.com
S270,Megan Bell,Receptionist,C11,(344) 858-1305,megan.bell@clinic.com
S271,Morgan Cisneros,Receptionist,C33,(962) 315-3060,morgan.cisneros@clinic.com
S272,Tracy Murphy,Nurse,C18,(632) 136-3918,tracy.murphy@clinic.com
S273,Adam Jordan,Nurse,C34,(849) 816-6206,adam.jordan@clinic.com
S274,Valerie Schwartz,Nurse,C40,(253) 929-0601,valerie.schwartz@clinic.com
S275,Sarah Turner,Nurse,C25,(508) 508-8793,sarah.turner@clinic.com
S276,Michael Johnson,Nurse,C36,(227) 723-9957,michael.johnson@clinic.com
S277,Elizabeth Lawson,Nurse,C9,(475) 198-4811,elizabeth.lawson@clinic.com
S278,Collin Bradley,Receptionist,C33,(407) 155-0150,collin.bradley@clinic.com
S279,Thomas Leonard,Receptionist,C34,(558) 807-2543,thomas.leonard@clinic.com
S280,Sarah Scott,Receptionist,C9,(897) 383-1112,sarah.scott@clinic.com
S281,Alexis Woods,Receptionist,C9,(112) 295-5172,alexis.woods@clinic.com
S282,Jeremy Farmer,Nurse,C1,(164) 150-9469,jeremy.farmer@clinic.com
S283,Hannah Bray,Receptionist,C13,(106) 338-9248,hannah.bray@clinic.com
S284,Nicholas Potter,Nurse,C10,(950) 451-2093,nicholas.potter@clinic.com
S285,Gina Miller,Receptionist,C26,(070) 467-8378,gina.miller@clinic.com
S286,Jennifer Spears,Receptionist,C3,(005) 561-3414,jennifer.spears@clinic.com
S287,Tammy Brown,Nurse,C20,(293) 235-5565,tammy.brown@clinic.com
S288,Wayne Mcconnell,Nurse,C27,(607) 038-6531,wayne.mcconnell@clinic.com
S289,Julie Anderson,Nurse,C43,(814) 825-0162,julie.anderson@clinic.com
S290,Victoria Robinson,Receptionist,C24,(305) 327-5598,victoria.robinson@clinic.com
S291,Ashley Lopez,Receptionist,C24,(449) 970-6843,ashley.lopez@clinic.com
S292,Edward Diaz,Receptionist,C49,(284) 432-1082,edward.diaz@clinic.com
S293,Patricia Williams,Receptionist,C4,(752) 291-3062,patricia.williams@clinic.com
S294,Tracy Strickland,Nurse,C35,(707) 261-1374,tracy.strickland@clinic.com
S295,Robert Martin,Nurse,C13,(880) 077-1770,robert.martin@clinic.com
S296,Joseph Wilcox,Nurse,C6,(613) 124-4846,joseph.wilcox@clinic.com
S297,Jeremy Ramirez,Receptionist,C20,(936) 275-3034,jeremy.ramirez@clinic.com
S298,Shane Brown,Nurse,C38,(752) 887-7200,shane.brown@clinic.com
S299,George Burke,Nurse,C34,(549) 980-4049,george.burke@clinic.com
S300,Jessica Gamble,Receptionist,C30,(307) 269-2460,jessica.gamble@clinic.com
S301,Bruce Cunningham,Receptionist,C13,(777) 059-5789,bruce.cunningham@clinic.com
S302,Eduardo Simon,Receptionist,C47,(481) 125-9816,eduardo.simon@clinic.com
S303,Ryan Barton,Receptionist,C18,(397) 251-7622,ryan.barton@clinic.com
S304,Melissa Miller,Receptionist,C5,(685) 210-6522,melissa.miller@clinic.com
S305,James Calhoun,Receptionist,C39,(209) 069-6514,james.calhoun@clinic.com
S306,Dustin Garcia,Nurse,C28,(530) 038-2684,dustin.garcia@clinic.com
S307,Mary Kelly,Receptionist,C3,(347) 904-6482,mary.kelly@clinic.com
S308,Taylor Maxwell,Receptionist,C2,(354) 139-8641,taylor.maxwell@clinic.com
S309,Regina Knight,Receptionist,C8,(372) 870-5287,regina.knight@clinic.com
S310,Jeffrey Collins,Nurse,C34,(672) 044-6952,jeffrey.collins@clinic.com
S311,Michael Lewis,Receptionist,C25,(006) 089-4552,michael.lewis@clinic.com
S312,Catherine Johnson,Receptionist,C11,(681) 062-1427,catherine.johnson@clinic.com
S313,Nicole Haynes,Receptionist,C49,(541) 200-3511,nicole.haynes@clinic.com
S314,Susan Cook,Nurse,C18,(171) 505-3254,susan.cook@clinic.com
S315,Kristi Gonzalez,Receptionist,C9,(484) 431-6561,kristi.gonzalez@clinic.com
S316,Frederick Evans,Receptionist,C28,(434) 129-5004,frederick.evans@clinic.com
S317,Brad Lee,Nurse,C15,(485) 687-1027,brad.lee@clinic.com
S318,Joshua Delgado,Nurse,C41,(870) 103-5458,joshua.delgado@clinic.com
S319,Kerry Winters,Nurse,C4,(396) 005-1295,kerry.winters@clinic.com
S320,Amy Romero,Receptionist,C47,(095) 055-8865,amy.romero@clinic.com
S321,Lori Garcia,Receptionist,C32,(047) 106-3650,lori.garcia@clinic.com
S322,Gregory Suarez,Receptionist,C37,(280) 561-7263,gregory.suarez@clinic.com
S323,Samantha Travis,Receptionist,C5,(628) 972-6651,samantha.travis@clinic.com
S324,Andrew Mason,Nurse,C45,(364) 244-2168,andrew.mason@clinic.com
S325,Brad Payne,Receptionist,C33,(002) 477-1734,brad.payne@clinic.com
S326,Tony Lane,Receptionist,C41,(400) 653-3505,tony.lane@clinic.com
S327,Donna Smith,Nurse,C5,(945) 726-8826,donna.smith@clinic.com
S328,Judy Ward,Receptionist,C12,(145) 356-4901,judy.ward@clinic.com
S329,Lisa Snyder,Nurse,C45,(079) 127-1881,lisa.snyder@clinic.com
S330,Paul Anderson,Receptionist,C40,(165) 462-9324,paul.anderson@clinic.com
S331,Lauren Hughes,Receptionist,C20,(946) 747-5746,lauren.hughes@clinic.com
S332,Christina Gilbert,Receptionist,C41,(623) 726-4930,christina.gilbert@clinic.com
S333,Robert Mckee,Nurse,C18,(679) 778-8299,robert.mckee@clinic.com
S334,Dennis Carson,Receptionist,C38,(000) 840-6250,dennis.carson@clinic.com
S335,Kevin Clay,Nurse,C19,(776) 445-4584,kevin.clay@clinic.com
S336,Benjamin Parker,Nurse,C30,(305) 963-9815,benjamin.parker@clinic.com
S337,Jonathan Reid,Receptionist,C5,(607) 474-4353,jonathan.reid@clinic.com
S338,Clifford Schaefer,Nurse,C34,(868) 743-0689,clifford.schaefer@clinic.com
S339,Gregory Anderson,Receptionist,C21,(452) 893-3118,gregory.anderson@clinic.com
S340,Kristin Braun,Nurse,C12,(962) 016-0217,kristin.braun@clinic.com
S341,Donna Mcbride,Nurse,C35,(367) 854-4908,donna.mcbride@clinic.com
S342,Antonio Martinez,Nurse,C9,(522) 299-1485,antonio.martinez@clinic.com
S343,Lisa Pennington,Nurse,C41,(425) 203-7363,lisa.pennington@clinic.com
S344,Jennifer Kim,Nurse,C25,(027) 013-1107,jennifer.kim@clinic.com
S345,Timothy Hall,Receptionist,C20,(803) 667-9855,timothy.hall@clinic.com
S346,Kayla West,Receptionist,C1,(842) 580-0471,kayla.west@clinic.com
S347,Susan Hoffman,Nurse,C44,(712) 258-8133,susan.hoffman@clinic.com
S348,Jenna David,Receptionist,C35,(715) 954-7760,jenna.david@clinic.com
S349,John Arnold,Nurse,C39,(684) 194-2080,john.arnold@clinic.com
S350,David Cohen,Receptionist,C8,(694) 799-8490,david.cohen@clinic.com
S351,Lori Mitchell,Nurse,C16,(036) 590-5587,lori.mitchell@clinic.com
S352,Sharon Moreno,Receptionist,C16,(192) 181-0061,sharon.moreno@clinic.com
S353,Allison Smith,Receptionist,C43,(521) 989-4883,allison.smith@clinic.com
S354,Jessica Thomas,Nurse,C10,(942) 722-2869,jessica.thomas@clinic.com
S355,Brett Edwards,Receptionist,C15,(492) 170-1232,brett.edwards@clinic.com
S356,Micheal Jacobson,Receptionist,C2,(172) 659-8798,micheal.jacobson@clinic.com
S357,Anthony Moore,Receptionist,C11,(744) 767-0368,anthony.moore@clinic.com
S358,David Martinez,Receptionist,C26,(317) 814-3796,david.martinez@clinic.com
S359,Donna Clark,Nurse,C8,(057) 720-8930,donna.clark@clinic.com
S360,Jeremy Woods,Nurse,C37,(210) 793-1554,jeremy.woods@clinic.com
S361,Dale Cortez,Receptionist,C45,(709) 565-0129,dale.cortez@clinic.com
S362,Roberta Walter,Receptionist,C49,(302) 984-5290,roberta.walter@clinic.com
S363,Gary Mendoza,Receptionist,C21,(461) 380-7013,gary.mendoza@clinic.com
S364,Roberta Sullivan,Receptionist,C17,(024) 507-6779,roberta.sullivan@clinic.com
S365,David Keith,Nurse,C10,(500) 934-2585,david.keith@clinic.com
S366,Dana Matthews,Receptionist,C44,(609) 054-2396,dana.matthews@clinic.com
S367,Monica Wyatt,Receptionist,C29,(759) 888-6806,monica.wyatt@clinic.com
S368,Kenneth James,Nurse,C28,(984) 004-2379,kenneth.james@clinic.com
S369,Audrey Gregory,Receptionist,C7,(886) 661-7145,audrey.gregory@clinic.com
S370,Tina Diaz,Receptionist,C12,(488) 486-9630,tina.diaz@clinic.com
S371,Mark Rodriguez,Receptionist,C2,(098) 801-2333,mark.rodriguez@clinic.com
S372,Stephanie Pacheco,Receptionist,C40,(583) 907-1934,stephanie.pacheco@clinic.com
S373,Susan Anderson,Nurse,C17,(421) 194-6423,susan.anderson@clinic.com
S374,Amy Perkins,Nurse,C26,(940) 427-2323,amy.perkins@clinic.com
S375,Christopher Harmon,Receptionist,C13,(521) 397-5578,christopher.harmon@clinic.com
S376,Mark Doyle,Receptionist,C29,(182) 729-0933,mark.doyle@clinic.com
S377,Carol Byrd,Receptionist,C1,(795) 763-4887,carol.byrd@clinic.com
S378,Stephen Norton,Nurse,C23,(050) 318-8941,stephen.norton@clinic.com
S379,Tyler Brown,Nurse,C33,(697) 779-3871,tyler.brown@clinic.com
S380,Tammy Johnston,Receptionist,C26,(472) 920-6640,tammy.johnston@clinic.com
S381,Cassandra Jones,Receptionist,C7,(018) 961-6520,cassandra.jones@clinic.com
S382,Jimmy Middleton,Nurse,C36,(447) 496-7394,jimmy.middleton@clinic.com
S383,Anne West,Receptionist,C39,(108) 062-5953,anne.west@clinic.com
S384,Lisa Flores,Nurse,C16,(738) 720-2802,lisa.flores@clinic.com
S385,Sydney Berry,Receptionist,C43,(895) 709-8658,sydney.berry@clinic.com
S386,Courtney Smith,Receptionist,C12,(570) 094-4200,courtney.smith@clinic.com
S387,Melissa Pacheco,Nurse,C26,(519) 711-5250,melissa.pacheco@clinic.com
S388,Stephen Pope,Nurse,C14,(827) 686-9348,stephen.pope@clinic.com
S389,Lynn Valenzuela,Nurse,C44,(951) 559-6566,lynn.valenzuela@clinic.com
S390,Michael Vargas,Receptionist,C44,(559) 680-1325,michael.vargas@clinic.com
S391,Alyssa Perry,Nurse,C24,(945) 880-2760,alyssa.perry@clinic.com
S392,Randy Warner,Nurse,C29,(514) 301-7555,randy.warner@clinic.com
S393,Teresa Williams,Nurse,C1,(841) 884-7006,teresa.williams@clinic.com
S394,Jennifer James,Nurse,C5,(051) 420-9228,jennifer.james@clinic.com
S395,Debbie Norman,Receptionist,C37,(770) 670-6104,debbie.norman@clinic.com
S396,Kathleen Woodard,Nurse,C30,(456) 318-7509,kathleen.woodard@clinic.com
S397,James Sweeney,Receptionist,C32,(864) 635-6328,james.sweeney@clinic.com
S398,John Martinez,Receptionist,C31,(480) 715-4555,john.martinez@clinic.com
S399,Kristi Smith,Receptionist,C29,(194) 839-0550,kristi.smith@clinic.com
S400,Robert Anderson,Receptionist,C3,(231) 153-0957,robert.anderson@clinic.com
S401,Kimberly Smith,Receptionist,C31,(871) 128-1317,kimberly.smith@clinic.com
S402,Samantha Marsh,Receptionist,C14,(825) 887-2710,samantha.marsh@clinic.com
S403,Mary Barker,Nurse,C45,(202) 245-2674,mary.barker@clinic.com
S404,Leslie Haley,Nurse,C16,(331) 989-0715,leslie.haley@clinic.com
S405,Daniel Love,Receptionist,C18,(445) 749-3016,daniel.love@clinic.com
S406,Patrick Moore,Nurse,C38,(657) 691-3738,patrick.moore@clinic.com
S407,Ann Byrd,Receptionist,C36,(596) 918-7805,ann.byrd@clinic.com
S408,Joshua Cannon,Receptionist,C16,(412) 181-0869,joshua.cannon@clinic.com
S409,Timothy Walker,Nurse,C14,(106) 418-6524,timothy.walker@clinic.com
S410,Elizabeth Stout,Receptionist,C6,(028) 750-4164,elizabeth.stout@clinic.com
S411,Lee Aguirre,Nurse,C25,(570) 111-1266,lee.aguirre@clinic.com
S412,Ashlee Ellis,Receptionist,C1,(166) 557-7874,ashlee.ellis@clinic.com
S413,Tyler Parker,Nurse,C10,(454) 992-3739,tyler.parker@clinic.com
S414,Mariah Thompson,Receptionist,C48,(152) 871-2222,mariah.thompson@clinic.com
S415,Eric Brown,Receptionist,C1,(509) 476-8634,eric.brown@clinic.com
S416,Sheryl Garza,Receptionist,C42,(778) 252-9420,sheryl.garza@clinic.com
S417,Kimberly Moss,Receptionist,C28,(125) 296-2435,kimberly.moss@clinic.com
S418,Patricia Alvarado,Nurse,C42,(588) 659-3339,patricia.alvarado@clinic.com
S419,Elizabeth Mercer,Receptionist,C15,(126) 232-4636,elizabeth.mercer@clinic.com
S420,Ryan Cannon,Nurse,C46,(332) 672-1506,ryan.cannon@clinic.com
S421,Taylor Torres,Receptionist,C29,(115) 815-0051,taylor.torres@clinic.com
S422,Jacob Dickson,Receptionist,C21,(967) 095-6948,jacob.dickson@clinic.com
S423,Richard Anderson,Nurse,C15,(083) 069-1610,richard.anderson@clinic.com
S424,Lisa Sanchez,Receptionist,C16,(344) 060-1560,lisa.sanchez@clinic.com
S425,Lori Carey,Nurse,C35,(267) 109-3522,lori.carey@clinic.com
S426,Joseph Hernandez,Nurse,C43,(853) 707-3871,joseph.hernandez@clinic.com
S427,Kirk Davis,Receptionist,C16,(420) 113-0429,kirk.davis@clinic.com
S428,Kristy Perez,Nurse,C24,(490) 518-9952,kristy.perez@clinic.com
S429,Crystal Lee,Nurse,C48,(210) 571-4729,crystal.lee@clinic.com
S430,Rachel Martin,Nurse,C15,(142) 097-0785,rachel.martin@clinic.com
S431,Mark Moore,Receptionist,C29,(405) 818-3947,mark.moore@clinic.com
S432,Rachel Thompson,Nurse,C10,(500) 444-8372,rachel.thompson@clinic.com
S433,David James,Nurse,C8,(154) 731-9212,david.james@clinic.com
S434,Joseph Jackson,Receptionist,C11,(020) 450-0159,joseph.jackson@clinic.com
S435,Brittany Curry,Receptionist,C38,(740) 210-6629,brittany.curry@clinic.com
S436,David Patel,Nurse,C29,(681) 607-5364,david.patel@clinic.com
S437,Jennifer Hicks,Receptionist,C21,(813) 913-7781,jennifer.hicks@clinic.com
S438,Tracy Davis,Receptionist,C18,(144) 302-2953,tracy.davis@clinic.com
S439,Alexandra Valdez,Nurse,C23,(283) 130-7700,alexandra.valdez@clinic.com
S440,Karen Williamson,Receptionist,C48,(266) 619-9900,karen.williamson@clinic.com
S441,Regina Garrison,Receptionist,C46,(946) 374-2943,regina.garrison@clinic.com
S442,Ashley Jimenez,Nurse,C5,(798) 632-2287,ashley.jimenez@clinic.com
S443,Nicole Alexander,Receptionist,C7,(808) 338-9788,nicole.alexander@clinic.com
S444,Diana Romero,Receptionist,C48,(856) 408-9308,diana.romero@clinic.com
S445,Jennifer Logan,Receptionist,C3,(380) 891-2986,jennifer.logan@clinic.com
S446,Alicia Ryan,Receptionist,C14,(067) 209-7069,alicia.ryan@clinic.com
S447,Jason Thompson,Receptionist,C6,(224) 267-6631,jason.thompson@clinic.com
S448,Leslie Vasquez,Receptionist,C45,(909) 751-1112,leslie.vasquez@clinic.com
S449,Taylor Wolf,Nurse,C39,(815) 088-8260,taylor.wolf@clinic.com
S450,Shannon King,Nurse,C39,(372) 546-3061,shannon.king@clinic.com
S451,Maria Jones,Nurse,C7,(790) 037-7153,maria.jones@clinic.com
S452,Tammy Miller,Nurse,C2,(431) 474-0791,tammy.miller@clinic.com
S453,Edgar Kelley,Nurse,C44,(744) 464-3045,edgar.kelley@clinic.com
S454,Cynthia Lane,Receptionist,C47,(374) 820-1622,cynthia.lane@clinic.com
S455,Shelia Franco,Receptionist,C11,(284) 231-8176,shelia.franco@clinic.com
S456,Terri Mann,Receptionist,C34,(065) 455-2549,terri.mann@clinic.com
S457,Karen Martinez,Receptionist,C14,(748) 890-2873,karen.martinez@clinic.com
S458,Jeffery Compton,Nurse,C29,(206) 567-6496,jeffery.compton@clinic.com
S459,Michelle Drake,Nurse,C35,(291) 550-7300,michelle.drake@clinic.com
S460,William Padilla,Receptionist,C5,(494) 398-7790,william.padilla@clinic.com
S461,Jennifer Stark,Nurse,C44,(294) 161-7855,jennifer.stark@clinic.com
S462,Rebecca Rowe,Nurse,C1,(410) 463-6231,rebecca.rowe@clinic.com
S463,Eric Ellis,Nurse,C37,(452) 727-1290,eric.ellis@clinic.com
S464,Karla Cox,Receptionist,C1,(364) 069-3166,karla.cox@clinic.com
S465,David Hicks,Receptionist,C31,(847) 991-6812,david.hicks@clinic.com
S466,Michelle Lee,Receptionist,C7,(307) 530-8996,michelle.lee@clinic.com
S467,Nicole Kelly,Receptionist,C25,(981) 651-3650,nicole.kelly@clinic.com
S468,Vanessa Gaines,Nurse,C33,(840) 011-6047,vanessa.gaines@clinic.com
S469,Rhonda French,Receptionist,C2,(860) 590-3349,rhonda.french@clinic.com
S470,Kimberly Kline,Receptionist,C14,(682) 534-7464,kimberly.kline@clinic.com
S471,Jacob Cox,Receptionist,C43,(673) 476-4390,jacob.cox@clinic.com
S472,Emily Alexander,Nurse,C44,(694) 332-4497,emily.alexander@clinic.com
S473,Kenneth Schmidt,Receptionist,C5,(905) 335-3600,kenneth.schmidt@clinic.com
S474,Kelly Patel,Nurse,C50,(529) 172-3918,kelly.patel@clinic.com
S475,Anthony Nunez,Nurse,C38,(810) 153-5238,anthony.nunez@clinic.com
S476,Joseph Barber,Nurse,C39,(599) 420-8368,joseph.barber@clinic.com
S477,Whitney Lopez,Nurse,C34,(211) 859-0958,whitney.lopez@clinic.com
S478,Susan Pope,Nurse,C33,(501) 989-0468,susan.pope@clinic.com
S479,Jason Forbes,Receptionist,C38,(323) 906-6159,jason.forbes@clinic.com
S480,John Banks,Nurse,C46,(432) 227-8134,john.banks@clinic.com
S481,Catherine Mcbride,Nurse,C10,(230) 800-8615,catherine.mcbride@clinic.com
S482,Leah Hall,Receptionist,C44,(454) 159-4331,leah.hall@clinic.com
S483,James Nelson,Nurse,C1,(632) 515-2467,james.nelson@clinic.com
S484,Sarah Rodriguez,Nurse,C50,(403) 936-2306,sarah.rodriguez@clinic.com
S485,Glenn Jones,Receptionist,C13,(145) 798-2431,glenn.jones@clinic.com
S486,Jasmine Knapp,Receptionist,C49,(840) 100-9422,jasmine.knapp@clinic.com
S487,Kimberly Rodriguez,Nurse,C4,(432) 366-4583,kimberly.rodriguez@clinic.com
S488,Amanda Ruiz,Nurse,C40,(360) 669-2279,amanda.ruiz@clinic.com
S489,Kyle Arias,Receptionist,C28,(846) 959-1278,kyle.arias@clinic.com
S490,Heather Mcdonald,Nurse,C49,(344) 078-0771,heather.mcdonald@clinic.com
S491,Monique Dixon,Nurse,C35,(207) 264-8217,monique.dixon@clinic.com
S492,Kevin Hart,Nurse,C7,(742) 314-6159,kevin.hart@clinic.com
S493,Bethany Lewis,Receptionist,C3,(825) 540-0698,bethany.lewis@clinic.com
S494,Brianna Davis,Receptionist,C40,(864) 975-0106,brianna.davis@clinic.com
S495,Jose Allen,Receptionist,C38,(234) 472-4661,jose.allen@clinic.com
S496,Monica Jenkins,Nurse,C40,(071) 701-0819,monica.jenkins@clinic.com
S497,David Rios,Nurse,C12,(536) 131-2579,david.rios@clinic.com
S498,Lori Scott,Nurse,C11,(739) 839-8591,lori.scott@clinic.com
S499,Carolyn Miller,Receptionist,C18,(159) 747-3052,carolyn.miller@clinic.com
S500,Caitlin Pace,Nurse,C3,(450) 698-5462,caitlin.pace@clinic.com
S501,Michael Sutton,Receptionist,C8,(119) 693-3967,michael.sutton@clinic.com
S502,Matthew Rangel,Nurse,C27,(003) 485-8163,matthew.rangel@clinic.com
S503,Karen Stewart,Receptionist,C32,(771) 308-6732,karen.stewart@clinic.com
S504,Christopher Underwood,Receptionist,C16,(998) 734-5360,christopher.underwood@clinic.com
S505,Andrea Lane,Receptionist,C32,(278) 638-0698,andrea.lane@clinic.com
S506,Jason Buchanan,Receptionist,C20,(463) 300-0853,jason.buchanan@clinic.com
S507,Nicholas Sharp,Receptionist,C24,(409) 006-4245,nicholas.sharp@clinic.com
S508,Judy Novak,Nurse,C39,(094) 717-6527,judy.novak@clinic.com
S509,David Lowe,Nurse,C42,(911) 745-3533,david.lowe@clinic.com
S510,Joseph Watkins,Receptionist,C6,(740) 338-6146,joseph.watkins@clinic.com
S511,Gina Bradley,Nurse,C28,(877) 699-9858,gina.bradley@clinic.com
S512,Desiree Nguyen,Nurse,C24,(745) 914-7379,desiree.nguyen@clinic.com
S513,Lori Porter,Receptionist,C23,(449) 023-5041,lori.porter@clinic.com
S514,Kelly Jones,Nurse,C17,(210) 045-6675,kelly.jones@clinic.com
S515,Timothy Hill,Receptionist,C36,(984) 924-6824,timothy.hill@clinic.com
S516,Alejandro Davis,Receptionist,C49,(223) 455-3741,alejandro.davis@clinic.com
S517,Elizabeth Medina,Nurse,C37,(187) 826-8763,elizabeth.medina@clinic.com
S518,Jennifer Pearson,Nurse,C50,(367) 999-5783,jennifer.pearson@clinic.com
S519,Brent Giles,Nurse,C36,(869) 774-3236,brent.giles@clinic.com
S520,William Morris,Nurse,C1,(659) 127-6820,william.morris@clinic.com
S521,Aaron Booker,Nurse,C11,(147) 565-4530,aaron.booker@clinic.com
S522,Nancy Harding,Nurse,C42,(181) 913-7610,nancy.harding@clinic.com
S523,Christian Oneal,Nurse,C38,(079) 848-3132,christian.oneal@clinic.com
S524,Courtney Chaney,Nurse,C30,(539) 100-8625,courtney.chaney@clinic.com
S525,Michael Johnson,Nurse,C40,(233) 043-0027,michael.johnson@clinic.com
S526,Deborah Duarte,Nurse,C3,(716) 093-6581,deborah.duarte@clinic.com
S527,Mary Davis,Receptionist,C16,(264) 326-9466,mary.davis@clinic.com
S528,Karen Lewis,Receptionist,C18,(935) 203-8974,karen.lewis@clinic.com
S529,Ashley Kelly,Nurse,C19,(790) 541-0281,ashley.kelly@clinic.com
S530,Justin Page,Nurse,C45,(880) 264-8628,justin.page@clinic.com
S531,Daniel Benton,Nurse,C40,(683) 201-9943,daniel.benton@clinic.com
S532,Antonio Bush,Nurse,C23,(330) 102-0289,antonio.bush@clinic.com
S533,Morgan Randall,Nurse,C41,(408) 459-0257,morgan.randall@clinic.com
S534,Michael Mcgrath,Nurse,C21,(731) 138-6646,michael.mcgrath@clinic.com
S535,Renee Kelly,Receptionist,C24,(885) 889-8520,renee.kelly@clinic.com
S536,Vanessa Camacho,Nurse,C21,(426) 029-2245,vanessa.camacho@clinic.com
S537,Jacob Taylor,Receptionist,C18,(103) 706-6399,jacob.taylor@clinic.com
S538,Chad Abbott,Receptionist,C24,(942) 591-1019,chad.abbott@clinic.com
S539,Sherri Johnson,Nurse,C41,(014) 169-4420,sherri.johnson@clinic.com
S540,Rose Harris,Receptionist,C47,(645) 239-3801,rose.harris@clinic.com
S541,Mason Pace,Nurse,C49,(069) 352-9260,mason.pace@clinic.com
S542,Susan Elliott,Nurse,C48,(621) 024-9949,susan.elliott@clinic.com
S543,Sandra Campbell,Nurse,C50,(369) 232-5761,sandra.campbell@clinic.com
S544,Victoria French,Receptionist,C32,(598) 364-9112,victoria.french@clinic.com
S545,Brad Johnson,Nurse,C9,(090) 812-6184,brad.johnson@clinic.com
S546,Sean Bell,Receptionist,C42,(951) 638-6789,sean.bell@clinic.com
S547,Hector Myers,Receptionist,C4,(710) 548-2094,hector.myers@clinic.com
S548,Brian Wilson,Nurse,C44,(829) 104-7207,brian.wilson@clinic.com
S549,Juan Martinez,Receptionist,C15,(292) 616-3698,juan.martinez@clinic.com
S550,Deanna Garner,Nurse,C22,(083) 745-8363,deanna.garner@clinic.com
S551,Shannon Bennett,Nurse,C25,(999) 098-8468,shannon.bennett@clinic.com
S552,Stacey Dougherty,Receptionist,C41,(988) 435-2448,stacey.dougherty@clinic.com
S553,Keith Green,Nurse,C39,(437) 482-3455,keith.green@clinic.com
S554,David Norman,Receptionist,C47,(555) 422-6841,david.norman@clinic.com
S555,Stacey Anderson,Nurse,C24,(627) 094-1209,stacey.anderson@clinic.com
S556,Danielle Tate,Nurse,C25,(762) 582-2424,danielle.tate@clinic.com
S557,Matthew Cook,Nurse,C14,(609) 840-0937,matthew.cook@clinic.com
S558,Lindsay Williams,Receptionist,C20,(721) 052-2862,lindsay.williams@clinic.com
S559,Stephanie Hogan,Receptionist,C22,(987) 599-2670,stephanie.hogan@clinic.com
S560,Juan Romero,Receptionist,C1,(623) 527-9978,juan.romero@clinic.com
S561,Jacob Smith,Nurse,C31,(881) 461-1478,jacob.smith@clinic.com
S562,Roy Reynolds,Nurse,C48,(390) 581-3251,roy.reynolds@clinic.com
S563,Pamela Aguilar,Receptionist,C41,(056) 958-7223,pamela.aguilar@clinic.com
S564,Kelsey Davis,Nurse,C47,(841) 067-4871,kelsey.davis@clinic.com
S565,Rickey Rodgers,Nurse,C8,(111) 553-6560,rickey.rodgers@clinic.com
S566,Peter Phelps,Receptionist,C19,(391) 971-2674,peter.phelps@clinic.com
S567,James Little,Receptionist,C44,(047) 211-1961,james.little@clinic.com
S568,Mary Christensen,Nurse,C20,(338) 548-0196,mary.christensen@clinic.com
S569,Brianna Smith,Nurse,C29,(980) 913-0822,brianna.smith@clinic.com
S570,Caitlin Obrien,Nurse,C14,(113) 356-7076,caitlin.obrien@clinic.com
S571,Ellen Gibbs,Receptionist,C50,(957) 342-1327,ellen.gibbs@clinic.com
S572,Angela Smith,Receptionist,C10,(317) 680-0336,angela.smith@clinic.com
S573,Alan Williams,Nurse,C21,(047) 584-9582,alan.williams@clinic.com
S574,Melissa Alexander,Receptionist,C20,(937) 382-7408,melissa.alexander@clinic.com
S575,Tammy Ward,Receptionist,C14,(636) 753-2147,tammy.ward@clinic.com
S576,Pamela Williams,Nurse,C11,(971) 976-1816,pamela.williams@clinic.com
S577,Erika Peterson,Nurse,C12,(171) 873-8022,erika.peterson@clinic.com
S578,Julie Turner,Receptionist,C5,(098) 956-1227,julie.turner@clinic.com
S579,Michael Macias,Receptionist,C22,(305) 492-8650,michael.macias@clinic.com
S580,Sherry Goodman,Nurse,C16,(339) 000-6228,sherry.goodman@clinic.com
S581,Sarah Mcdonald,Receptionist,C23,(326) 279-9188,sarah.mcdonald@clinic.com
S582,Patricia Mitchell,Receptionist,C43,(876) 062-4339,patricia.mitchell@clinic.com
S583,Gabrielle Snyder,Nurse,C9,(555) 792-5471,gabrielle.snyder@clinic.com
S584,Nancy Bruce,Receptionist,C7,(242) 915-7514,nancy.bruce@clinic.com
S585,Jonathan Sandoval,Receptionist,C5,(731) 930-7074,jonathan.sandoval@clinic.com
S586,Steven Garner,Nurse,C25,(708) 681-3594,steven.garner@clinic.com
S587,Elizabeth Williams,Receptionist,C6,(634) 180-5630,elizabeth.williams@clinic.com
S588,Monica Rodriguez,Nurse,C45,(204) 294-7539,monica.rodriguez@clinic.com
S589,Anna Pitts,Receptionist,C35,(979) 972-4929,anna.pitts@clinic.com
S590,Zachary Yates,Receptionist,C31,(704) 570-0916,zachary.yates@clinic.com
S591,Lawrence Gentry,Nurse,C46,(733) 961-1243,lawrence.gentry@clinic.com
S592,Wesley Robinson,Receptionist,C30,(174) 528-3568,wesley.robinson@clinic.com
S593,Dalton Baker,Receptionist,C46,(064) 277-3142,dalton.baker@clinic.com
S594,Brian Hanna,Nurse,C27,(931) 162-8387,brian.hanna@clinic.com
S595,Ashley Garrison,Nurse,C13,(647) 348-8397,ashley.garrison@clinic.com
S596,Samantha Webster,Nurse,C49,(512) 030-5100,samantha.webster@clinic.com
S597,Taylor Thompson,Receptionist,C26,(353) 986-7751,taylor.thompson@clinic.com
S598,John Hughes,Receptionist,C34,(510) 244-9960,john.hughes@clinic.com
S599,Susan Burton,Nurse,C29,(566) 986-2684,susan.burton@clinic.com
S600,Dana Reeves,Receptionist,C30,(211) 280-3392,dana.reeves@clinic.com
S601,Gregory Nelson,Nurse,C37,(761) 152-1078,gregory.nelson@clinic.com
S602,Kathleen Klein,Nurse,C36,(057) 584-8542,kathleen.klein@clinic.com
S603,Michelle Bell,Nurse,C2,(412) 624-0049,michelle.bell@clinic.com
S604,Jill Henry,Nurse,C24,(331) 069-9831,jill.henry@clinic.com
S605,Tyler Bell,Nurse,C11,(133) 725-9523,tyler.bell@clinic.com
S606,Casey Richard,Nurse,C19,(625) 481-1211,casey.richard@clinic.com
S607,Sylvia Williams,Nurse,C33,(530) 438-8225,sylvia.williams@clinic.com
S608,James Hays,Nurse,C35,(733) 747-1081,james.hays@clinic.com
S609,Richard Graham,Nurse,C6,(486) 421-4421,richard.graham@clinic.com
S610,Keith Lang,Nurse,C10,(063) 010-6734,keith.lang@clinic.com
S611,Samantha Wright,Nurse,C34,(610) 302-5349,samantha.wright@clinic.com
S612,Sean Dyer,Receptionist,C16,(886) 891-7332,sean.dyer@clinic.com
S613,Sarah Clayton,Nurse,C49,(498) 191-8738,sarah.clayton@clinic.com
S614,Jonathan Velez,Nurse,C49,(317) 306-7304,jonathan.velez@clinic.com
S615,Lauren Pena,Receptionist,C42,(870) 047-0317,lauren.pena@clinic.com
S616,Courtney Brown,Nurse,C35,(420) 392-9220,courtney.brown@clinic.com
S617,Spencer Shields,Nurse,C19,(677) 602-7343,spencer.shields@clinic.com
S618,Christopher Franklin,Receptionist,C33,(638) 019-0112,christopher.franklin@clinic.com
S619,Caitlin Mullins,Receptionist,C21,(859) 331-0809,caitlin.mullins@clinic.com
S620,Ellen Moran,Nurse,C20,(941) 156-2587,ellen.moran@clinic.com
S621,Margaret Vang,Nurse,C29,(013) 364-1738,margaret.vang@clinic.com
S622,Derek Park,Receptionist,C18,(682) 782-8014,derek.park@clinic.com
S623,David Craig,Nurse,C42,(461) 528-3143,david.craig@clinic.com
S624,Kimberly Dennis,Receptionist,C9,(178) 370-5643,kimberly.dennis@clinic.com
S625,Kristen Johnson,Nurse,C9,(560) 868-0733,kristen.johnson@clinic.com
S626,Kevin Ross,Receptionist,C4,(452) 547-2894,kevin.ross@clinic.com
S627,Kristina Bruce,Receptionist,C35,(209) 563-3115,kristina.bruce@clinic.com
S628,Timothy Morris,Nurse,C49,(519) 722-6551,timothy.morris@clinic.com
S629,Derek Long,Nurse,C48,(500) 730-9920,derek.long@clinic.com
S630,David Gibbs,Nurse,C3,(829) 744-2905,david.gibbs@clinic.com
S631,Judy Sellers,Nurse,C19,(286) 323-8780,judy.sellers@clinic.com
S632,Cory Ortiz,Nurse,C38,(578) 869-0850,cory.ortiz@clinic.com
S633,Cory Lewis,Nurse,C45,(905) 928-4151,cory.lewis@clinic.com
S634,Edward Raymond,Receptionist,C22,(109) 569-2464,edward.raymond@clinic.com
S635,Kayla Harris,Receptionist,C16,(793) 640-8820,kayla.harris@clinic.com
S636,Brittany Phillips,Receptionist,C10,(050) 991-9217,brittany.phillips@clinic.com
S637,Suzanne Lewis,Receptionist,C26,(421) 797-4277,suzanne.lewis@clinic.com
S638,Beverly Pena,Receptionist,C37,(020) 334-2839,beverly.pena@clinic.com
S639,Diana Proctor,Nurse,C13,(767) 721-9315,diana.proctor@clinic.com
S640,James Herrera,Receptionist,C15,(878) 977-4794,james.herrera@clinic.com
S641,Samuel Washington,Nurse,C4,(166) 805-8870,samuel.washington@clinic.com
S642,Elizabeth Collins,Receptionist,C37,(129) 009-7864,elizabeth.collins@clinic.com
S643,Cynthia Kelly,Receptionist,C8,(010) 912-8282,cynthia.kelly@clinic.com
S644,Melissa Chang,Nurse,C28,(032) 422-5867,melissa.chang@clinic.com
S645,Michael Blackwell,Receptionist,C49,(878) 188-0609,michael.blackwell@clinic.com
S646,Carl Petty,Receptionist,C16,(420) 028-5314,carl.petty@clinic.com
S647,Emily Robinson,Nurse,C23,(713) 997-0084,emily.robinson@clinic.com
S648,Brittney Thompson,Receptionist,C11,(381) 923-6328,brittney.thompson@clinic.com
S649,Christopher Perkins,Receptionist,C20,(140) 703-7303,christopher.perkins@clinic.com
S650,Dana Walker,Nurse,C3,(002) 817-5847,dana.walker@clinic.com
S651,Bryan Nielsen,Nurse,C43,(809) 866-8997,bryan.nielsen@clinic.com
S652,Jeffrey Curtis,Receptionist,C17,(308) 289-7065,jeffrey.curtis@clinic.com
S653,James Davis,Receptionist,C45,(666) 823-1476,james.davis@clinic.com
S654,Gina Mcgrath,Receptionist,C29,(937) 949-2463,gina.mcgrath@clinic.com
S655,Leslie Gilbert,Nurse,C4,(564) 916-3190,leslie.gilbert@clinic.com
S656,Brianna Stephens,Receptionist,C44,(416) 789-6261,brianna.stephens@clinic.com
S657,Angela Moody,Receptionist,C39,(355) 301-8048,angela.moody@clinic.com
S658,Susan Dillon,Nurse,C8,(696) 547-9703,susan.dillon@clinic.com
S659,Brittany Cunningham,Receptionist,C7,(554) 715-4435,brittany.cunningham@clinic.com
S660,Ashley Moore,Nurse,C49,(279) 406-4703,ashley.moore@clinic.com
S661,Michael Anderson,Nurse,C8,(394) 329-9901,michael.anderson@clinic.com
S662,Melissa Peters,Receptionist,C15,(386) 326-9176,melissa.peters@clinic.com
S663,Jordan Ramirez,Nurse,C38,(983) 226-3741,jordan.ramirez@clinic.com
S664,Jared Lucas,Nurse,C21,(201) 855-9645,jared.lucas@clinic.com
S665,Elizabeth Frost,Receptionist,C44,(731) 429-6057,elizabeth.frost@clinic.com
S666,Edward Neal,Receptionist,C23,(025) 714-3601,edward.neal@clinic.com
S667,Rebecca Watson,Nurse,C10,(691) 481-6721,rebecca.watson@clinic.com
S668,William Lee,Nurse,C16,(550) 615-0440,william.lee@clinic.com
S669,Louis Taylor,Nurse,C18,(513) 683-4079,louis.taylor@clinic.com
S670,Rodney Thompson,Receptionist,C32,(841) 561-3183,rodney.thompson@clinic.com
S671,Richard Gallagher,Receptionist,C45,(199) 913-5975,richard.gallagher@clinic.com
S672,Ruth Jones,Receptionist,C1,(985) 260-4734,ruth.jones@clinic.com
S673,Martin Clark,Receptionist,C6,(740) 486-7787,martin.clark@clinic.com
S674,Laura Hansen,Receptionist,C47,(908) 509-6096,laura.hansen@clinic.com
S675,Pamela Bell,Receptionist,C38,(054) 599-6191,pamela.bell@clinic.com
S676,Amy Hurst,Receptionist,C37,(308) 869-5676,amy.hurst@clinic.com
S677,Ashley Khan,Nurse,C34,(902) 873-6601,ashley.khan@clinic.com
S678,William Brady,Receptionist,C39,(750) 183-6091,william.brady@clinic.com
S679,Samantha Foster,Receptionist,C50,(740) 843-8684,samantha.foster@clinic.com
S680,Jenny Newton,Receptionist,C40,(939) 494-4071,jenny.newton@clinic.com
S681,Michael Robinson,Nurse,C47,(764) 551-3880,michael.robinson@clinic.com
S682,Phyllis Jones,Nurse,C25,(708) 978-4113,phyllis.jones@clinic.com
S683,Mark Smith,Receptionist,C29,(787) 110-6029,mark.smith@clinic.com
S684,Norma Garcia,Receptionist,C16,(553) 227-5718,norma.garcia@clinic.com
S685,Jennifer Villegas,Nurse,C20,(079) 257-9919,jennifer.villegas@clinic.com
S686,Nicholas White,Receptionist,C11,(589) 878-0879,nicholas.white@clinic.com
S687,Brooke Sullivan,Nurse,C24,(069) 193-8169,brooke.sullivan@clinic.com
S688,Terrence Miller,Receptionist,C12,(647) 476-9090,terrence.miller@clinic.com
S689,Michelle Ryan,Nurse,C17,(598) 613-4318,michelle.ryan@clinic.com
S690,Michael Valdez,Receptionist,C34,(801) 066-2814,michael.valdez@clinic.com
S691,Madison Walton,Receptionist,C37,(642) 255-7657,madison.walton@clinic.com
S692,Dylan Lee,Nurse,C20,(619) 539-6415,dylan.lee@clinic.com
S693,Abigail Mcdowell,Receptionist,C23,(778) 586-7722,abigail.mcdowell@clinic.com
S694,Gabriela Edwards,Nurse,C12,(010) 370-7423,gabriela.edwards@clinic.com
S695,Melissa Solomon,Receptionist,C40,(931) 513-4755,melissa.solomon@clinic.com
S696,Andrea Dixon,Nurse,C16,(553) 400-7782,andrea.dixon@clinic.com
S697,Andrew Steele,Nurse,C26,(626) 219-8526,andrew.steele@clinic.com
S698,Cheryl Collins,Receptionist,C6,(949) 334-2254,cheryl.collins@clinic.com
S699,Jeffery Kelly,Receptionist,C7,(995) 876-3102,jeffery.kelly@clinic.com
S700,Monica Marshall,Receptionist,C49,(610) 911-9670,monica.marshall@clinic.com
S701,Amanda Hill,Receptionist,C2,(515) 411-4350,amanda.hill@clinic.com
S702,Samantha Noble,Nurse,C20,(358) 585-6511,samantha.noble@clinic.com
S703,Ryan Robbins,Nurse,C36,(692) 724-7245,ryan.robbins@clinic.com
S704,Jennifer Perry,Nurse,C11,(864) 419-9928,jennifer.perry@clinic.com
S705,Natalie Diaz,Nurse,C12,(716) 061-3709,natalie.diaz@clinic.com
S706,Micheal Reyes,Receptionist,C13,(669) 617-3174,micheal.reyes@clinic.com
S707,Patrick Patterson,Nurse,C15,(789) 299-9642,patrick.patterson@clinic.com
S708,Diane Harris,Receptionist,C37,(007) 298-7249,diane.harris@clinic.com
S709,Gary Freeman,Nurse,C34,(665) 199-6670,gary.freeman@clinic.com
S710,Tracy Stephens,Nurse,C41,(108) 090-1901,tracy.stephens@clinic.com
S711,Pamela Shea,Nurse,C12,(397) 906-8263,pamela.shea@clinic.com
S712,Lindsey Mitchell,Nurse,C20,(843) 785-7405,lindsey.mitchell@clinic.com
S713,Brian Johnson,Receptionist,C27,(069) 856-5313,brian.johnson@clinic.com
S714,Brian Garcia,Nurse,C10,(079) 143-1983,brian.garcia@clinic.com
S715,Christopher Scott,Nurse,C3,(664) 433-1197,christopher.scott@clinic.com
S716,James Stanley,Nurse,C26,(698) 566-3916,james.stanley@clinic.com
S717,Linda Park,Nurse,C35,(490) 087-5779,linda.park@clinic.com
S718,Andrew Young,Nurse,C3,(913) 756-2569,andrew.young@clinic.com
S719,Mary Garcia,Nurse,C14,(696) 471-2773,mary.garcia@clinic.com
S720,Gregory Martinez,Receptionist,C1,(151) 461-5348,gregory.martinez@clinic.com
S721,Mary Hensley,Receptionist,C44,(115) 312-8101,mary.hensley@clinic.com
S722,Shawn Carter,Receptionist,C12,(963) 362-3789,shawn.carter@clinic.com
S723,Ashley Taylor,Nurse,C32,(890) 589-0891,ashley.taylor@clinic.com
S724,Charlotte Nichols,Receptionist,C20,(304) 766-0510,charlotte.nichols@clinic.com
S725,Christopher Reyes,Receptionist,C2,(116) 093-7765,christopher.reyes@clinic.com
S726,Diana Edwards,Nurse,C12,(781) 262-1591,diana.edwards@clinic.com
S727,David Johnston,Nurse,C6,(661) 327-6555,david.johnston@clinic.com
S728,Nina Williams,Receptionist,C9,(498) 924-3137,nina.williams@clinic.com
S729,Lisa Brewer,Nurse,C31,(256) 550-9039,lisa.brewer@clinic.com
S730,Dawn Paul,Receptionist,C14,(066) 019-4786,dawn.paul@clinic.com
S731,Miranda Vega,Receptionist,C10,(154) 382-3307,miranda.vega@clinic.com
S732,Katelyn Flores,Receptionist,C8,(926) 933-9985,katelyn.flores@clinic.com
S733,Malik Ritter,Receptionist,C18,(002) 036-6773,malik.ritter@clinic.com
S734,Monica Patterson,Receptionist,C34,(918) 224-4071,monica.patterson@clinic.com
S735,Jamie Brown,Nurse,C35,(840) 409-7367,jamie.brown@clinic.com
S736,Sharon Mullins,Nurse,C11,(921) 262-6303,sharon.mullins@clinic.com
S737,Sara Castaneda,Nurse,C12,(569) 070-1592,sara.castaneda@clinic.com
S738,Sherry Cantrell,Nurse,C7,(443) 520-7232,sherry.cantrell@clinic.com
S739,Megan Mayo,Nurse,C36,(147) 943-8223,megan.mayo@clinic.com
S740,Tommy Brooks,Nurse,C15,(603) 982-4846,tommy.brooks@clinic.com
S741,Paige Martinez,Nurse,C16,(070) 901-5271,paige.martinez@clinic.com
S742,Holly Fernandez,Nurse,C34,(647) 522-3020,holly.fernandez@clinic.com
S743,Heather Smith,Receptionist,C40,(879) 072-1033,heather.smith@clinic.com
S744,Makayla Lucero,Receptionist,C4,(930) 524-7680,makayla.lucero@clinic.com
S745,Andrew Choi,Receptionist,C24,(095) 356-0895,andrew.choi@clinic.com
S746,Amber Ingram,Nurse,C41,(423) 319-5705,amber.ingram@clinic.com
S747,Lindsey Henry,Nurse,C13,(493) 461-7197,lindsey.henry@clinic.com
S748,Stephen Brown,Nurse,C35,(087) 043-5716,stephen.brown@clinic.com
S749,Linda Page,Nurse,C30,(848) 362-3544,linda.page@clinic.com
S750,Loretta Nelson,Receptionist,C50,(856) 160-1137,loretta.nelson@clinic.com
S751,Brian Logan,Receptionist,C22,(741) 689-8341,brian.logan@clinic.com
S752,Kaylee Walker,Receptionist,C43,(169) 927-2143,kaylee.walker@clinic.com
S753,Eugene Williams,Nurse,C27,(089) 549-9445,eugene.williams@clinic.com
S754,Angela Green,Nurse,C16,(047) 802-3341,angela.green@clinic.com
S755,Kathryn Jenkins,Receptionist,C46,(277) 730-7143,kathryn.jenkins@clinic.com
S756,Shannon James,Nurse,C44,(526) 848-6106,shannon.james@clinic.com
S757,William Carpenter,Nurse,C43,(959) 056-5257,william.carpenter@clinic.com
S758,Shawn Faulkner,Nurse,C21,(613) 261-5796,shawn.faulkner@clinic.com
S759,Samuel Herman,Nurse,C2,(719) 132-8390,samuel.herman@clinic.com
S760,Mark Scott,Receptionist,C6,(890) 767-8591,mark.scott@clinic.com
S761,Nicholas Thompson,Receptionist,C6,(366) 475-4510,nicholas.thompson@clinic.com
S762,Jeanette Sandoval,Nurse,C10,(755) 191-2464,jeanette.sandoval@clinic.com
S763,Samantha Haney,Nurse,C49,(395) 239-2714,samantha.haney@clinic.com
S764,Sonya Welch,Receptionist,C16,(797) 043-1787,sonya.welch@clinic.com
S765,Jason Medina,Nurse,C2,(521) 841-2337,jason.medina@clinic.com
S766,Courtney Martin,Receptionist,C30,(176) 858-3393,courtney.martin@clinic.com
S767,Matthew Mason,Receptionist,C7,(318) 031-7377,matthew.mason@clinic.com
S768,Gabrielle Chen,Nurse,C1,(406) 012-3997,gabrielle.chen@clinic.com
S769,Steven Young,Nurse,C3,(317) 109-2655,steven.young@clinic.com
S770,Philip Gonzalez,Receptionist,C45,(125) 421-5076,philip.gonzalez@clinic.com
S771,Cory Roberts,Nurse,C3,(707) 964-2147,cory.roberts@clinic.com
S772,Jennifer Ortega,Nurse,C35,(803) 389-3394,jennifer.ortega@clinic.com
S773,Mitchell Huff,Receptionist,C31,(197) 713-5045,mitchell.huff@clinic.com
S774,David Rogers,Nurse,C19,(221) 043-1838,david.rogers@clinic.com
S775,Lisa Torres,Nurse,C8,(535) 847-9247,lisa.torres@clinic.com
S776,Kathy Sanchez,Nurse,C14,(814) 844-7186,kathy.sanchez@clinic.com
S777,Thomas Sanchez,Nurse,C13,(821) 646-1647,thomas.sanchez@clinic.com
S778,Anthony Fox,Nurse,C15,(047) 979-6112,anthony.fox@clinic.com
S779,Kelly Gonzalez,Receptionist,C12,(572) 175-6353,kelly.gonzalez@clinic.com
S780,Pamela Fields,Nurse,C30,(573) 693-4555,pamela.fields@clinic.com
S781,Angela Miller,Receptionist,C38,(593) 676-4280,angela.miller@clinic.com
S782,Mary Johnson,Receptionist,C34,(590) 512-6413,mary.johnson@clinic.com
S783,Caleb Williams,Receptionist,C18,(484) 193-1359,caleb.williams@clinic.com
S784,Diamond Gutierrez,Nurse,C22,(740) 044-4163,diamond.gutierrez@clinic.com
S785,Gregory Martin,Receptionist,C34,(466) 729-5541,gregory.martin@clinic.com
S786,Mark Anderson,Receptionist,C6,(757) 727-6605,mark.anderson@clinic.com
S787,Timothy Gonzalez,Nurse,C4,(482) 586-9806,timothy.gonzalez@clinic.com
S788,Kevin Taylor,Receptionist,C34,(986) 265-8629,kevin.taylor@clinic.com
S789,Angela Brennan,Nurse,C46,(374) 690-6255,angela.brennan@clinic.com
S790,Matthew Robinson,Nurse,C26,(666) 654-6195,matthew.robinson@clinic.com
S791,Nicole Dawson,Nurse,C29,(935) 308-1083,nicole.dawson@clinic.com
S792,Heather Farmer,Nurse,C26,(895) 474-5790,heather.farmer@clinic.com
S793,Maria Martin,Receptionist,C14,(212) 177-0543,maria.martin@clinic.com
S794,Meghan Morris,Nurse,C43,(368) 384-2795,meghan.morris@clinic.com
S795,Kristen Arnold,Nurse,C25,(299) 333-6897,kristen.arnold@clinic.com
S796,Timothy Silva,Nurse,C21,(809) 657-5682,timothy.silva@clinic.com
S797,Jose Jones,Receptionist,C40,(589) 001-8736,jose.jones@clinic.com
S798,Aaron King,Nurse,C20,(939) 457-4998,aaron.king@clinic.com
S799,Jerome Stevens,Receptionist,C14,(831) 061-6241,jerome.stevens@clinic.com
S800,James Russell,Receptionist,C6,(208) 665-3591,james.russell@clinic.com
S801,Samantha Cross,Receptionist,C18,(258) 704-3588,samantha.cross@clinic.com
S802,Richard Russo,Receptionist,C30,(438) 123-6635,richard.russo@clinic.com
S803,Brandon Guerra,Receptionist,C5,(458) 713-3536,brandon.guerra@clinic.com
S804,Justin Jones,Receptionist,C14,(254) 704-9028,justin.jones@clinic.com
S805,Rebecca Jones,Nurse,C9,(675) 702-9617,rebecca.jones@clinic.com
S806,Christopher Davis,Nurse,C1,(401) 051-3843,christopher.davis@clinic.com
S807,Lisa Hines,Nurse,C38,(094) 136-3734,lisa.hines@clinic.com
S808,Nancy Villarreal,Receptionist,C20,(910) 053-5804,nancy.villarreal@clinic.com
S809,Douglas Watkins,Receptionist,C41,(753) 171-1079,douglas.watkins@clinic.com
S810,Regina Jackson,Nurse,C10,(181) 664-4722,regina.jackson@clinic.com
S811,Yolanda Stone,Receptionist,C40,(497) 538-3227,yolanda.stone@clinic.com
S812,Suzanne Jensen,Receptionist,C47,(000) 592-2768,suzanne.jensen@clinic.com
S813,Mary Ellis,Receptionist,C34,(797) 901-5263,mary.ellis@clinic.com
S814,Ashley Graham,Receptionist,C10,(611) 528-8803,ashley.graham@clinic.com
S815,Jeremiah Smith,Nurse,C41,(840) 915-5176,jeremiah.smith@clinic.com
S816,Shelly Wood,Receptionist,C31,(200) 097-8066,shelly.wood@clinic.com
S817,Claudia Nelson,Receptionist,C23,(814) 442-5247,claudia.nelson@clinic.com
S818,Nicole Chan,Receptionist,C50,(928) 111-2690,nicole.chan@clinic.com
S819,Anthony Christian,Nurse,C50,(749) 547-9421,anthony.christian@clinic.com
S820,Joseph Liu,Nurse,C14,(884) 076-1382,joseph.liu@clinic.com
S821,Paul Smith,Receptionist,C18,(727) 217-1983,paul.smith@clinic.com
S822,Jonathan Wallace,Nurse,C12,(774) 447-5433,jonathan.wallace@clinic.com
S823,Natasha Tyler,Receptionist,C48,(011) 798-9883,natasha.tyler@clinic.com
S824,Melissa Johnson,Nurse,C30,(226) 625-2662,melissa.johnson@clinic.com
S825,Matthew Hernandez,Nurse,C32,(522) 809-4316,matthew.hernandez@clinic.com
S826,Leslie Bowen,Receptionist,C28,(439) 300-9338,leslie.bowen@clinic.com
S827,Brittany King,Nurse,C1,(683) 985-7264,brittany.king@clinic.com
S828,Kenneth Munoz,Nurse,C47,(550) 164-0628,kenneth.munoz@clinic.com
S829,Sarah Rios,Receptionist,C8,(704) 326-9951,sarah.rios@clinic.com
S830,Evan Rivera,Nurse,C1,(146) 807-5445,evan.rivera@clinic.com
S831,Sara Boyd,Nurse,C31,(811) 918-6443,sara.boyd@clinic.com
S832,Anna Jones,Nurse,C25,(899) 467-5977,anna.jones@clinic.com
S833,Peggy Franco,Nurse,C3,(991) 398-6117,peggy.franco@clinic.com
S834,Brianna Miller,Nurse,C7,(038) 429-9261,brianna.miller@clinic.com
S835,Terri Heath,Nurse,C18,(057) 431-3140,terri.heath@clinic.com
S836,Andrew Reese,Nurse,C32,(699) 218-1071,andrew.reese@clinic.com
S837,Lisa Murphy,Nurse,C38,(241) 932-4374,lisa.murphy@clinic.com
S838,Joseph Johnson,Receptionist,C27,(475) 894-0224,joseph.johnson@clinic.com
S839,Erin Avila,Nurse,C13,(690) 732-7288,erin.avila@clinic.com
S840,Virginia Nichols,Receptionist,C16,(319) 839-3159,virginia.nichols@clinic.com
S841,Caroline Snyder,Receptionist,C43,(922) 686-5021,caroline.snyder@clinic.com
S842,Shelby Valentine,Receptionist,C3,(020) 686-1882,shelby.valentine@clinic.com
S843,Robert Leonard,Nurse,C25,(343) 204-6017,robert.leonard@clinic.com
S844,Anthony West,Nurse,C29,(769) 393-0791,anthony.west@clinic.com
S845,Regina Gibson,Nurse,C25,(017) 298-9864,regina.gibson@clinic.com
S846,Shawn Bruce,Receptionist,C11,(758) 001-9176,shawn.bruce@clinic.com
S847,Cynthia Brooks,Receptionist,C27,(125) 554-7057,cynthia.brooks@clinic.com
S848,Cory Martinez,Nurse,C26,(340) 278-6852,cory.martinez@clinic.com
S849,Jamie Boyle,Receptionist,C8,(366) 647-1351,jamie.boyle@clinic.com
S850,Douglas Webster,Receptionist,C23,(229) 215-9352,douglas.webster@clinic.com
S851,Francis Landry,Receptionist,C7,(557) 429-5895,francis.landry@clinic.com
S852,Ethan Wilkerson,Nurse,C28,(056) 257-3502,ethan.wilkerson@clinic.com
S853,Kathleen Butler,Nurse,C24,(636) 999-2134,kathleen.butler@clinic.com
S854,Teresa Sanchez,Nurse,C25,(354) 923-2217,teresa.sanchez@clinic.com
S855,Jacqueline Wallace,Receptionist,C48,(042) 617-2502,jacqueline.wallace@clinic.com
S856,Lydia Nelson,Nurse,C46,(709) 666-8687,lydia.nelson@clinic.com
S857,Nancy Marks,Nurse,C17,(893) 372-2669,nancy.marks@clinic.com
S858,Karen Shaw,Nurse,C5,(517) 242-7470,karen.shaw@clinic.com
S859,Brandy Watkins,Nurse,C13,(698) 120-4376,brandy.watkins@clinic.com
S860,Michael Jenkins,Receptionist,C25,(864) 895-3411,michael.jenkins@clinic.com
S861,Christopher Lopez,Nurse,C22,(562) 998-1177,christopher.lopez@clinic.com
S862,Travis Ortega,Nurse,C46,(529) 204-4260,travis.ortega@clinic.com
S863,Clifford Smith,Receptionist,C22,(590) 405-7852,clifford.smith@clinic.com
S864,Kristin Dawson,Receptionist,C6,(344) 831-8795,kristin.dawson@clinic.com
S865,Claudia Molina,Receptionist,C28,(798) 840-4466,claudia.molina@clinic.com
S866,Dennis Estrada,Receptionist,C24,(025) 860-5969,dennis.estrada@clinic.com
S867,Margaret Krause,Nurse,C3,(773) 938-2025,margaret.krause@clinic.com
S868,Jonathan Stone,Receptionist,C31,(991) 387-5911,jonathan.stone@clinic.com
S869,Rachel Rivera,Nurse,C36,(841) 045-4711,rachel.rivera@clinic.com
S870,John Vargas,Nurse,C31,(781) 096-9217,john.vargas@clinic.com
S871,Justin Cain,Receptionist,C29,(254) 944-9755,justin.cain@clinic.com
S872,Philip Marshall,Receptionist,C34,(807) 983-8895,philip.marshall@clinic.com
S873,Jonathan Jensen,Receptionist,C8,(720) 652-3191,jonathan.jensen@clinic.com
S874,Nicholas Young,Nurse,C45,(828) 237-4593,nicholas.young@clinic.com
S875,Michael Butler,Receptionist,C2,(209) 553-8795,michael.butler@clinic.com
S876,April King,Receptionist,C16,(521) 920-6334,april.king@clinic.com
S877,Crystal Martinez,Nurse,C47,(790) 151-8082,crystal.martinez@clinic.com
S878,Sara Davis,Receptionist,C32,(463) 845-8304,sara.davis@clinic.com
S879,Joseph Whitaker,Nurse,C10,(239) 897-2337,joseph.whitaker@clinic.com
S880,Shannon Thornton,Nurse,C4,(082) 901-6528,shannon.thornton@clinic.com
S881,Lindsay House,Nurse,C44,(404) 465-2615,lindsay.house@clinic.com
S882,Jennifer Smith,Receptionist,C30,(524) 737-6456,jennifer.smith@clinic.com
S883,Robert Stevens,Nurse,C16,(929) 355-3785,robert.stevens@clinic.com
S884,Jacob Davis,Nurse,C50,(777) 400-3919,jacob.davis@clinic.com
S885,Timothy Patel,Nurse,C4,(816) 268-9829,timothy.patel@clinic.com
S886,Christina Myers,Nurse,C43,(196) 088-8418,christina.myers@clinic.com
S887,Julie Hudson,Nurse,C10,(946) 709-6072,julie.hudson@clinic.com
S888,Virginia Mullins,Receptionist,C45,(565) 779-4885,virginia.mullins@clinic.com
S889,David Simmons,Nurse,C14,(518) 852-4662,david.simmons@clinic.com
S890,Gabriela Anderson,Receptionist,C8,(429) 220-0820,gabriela.anderson@clinic.com
S891,Emily Hughes,Receptionist,C24,(090) 095-1729,emily.hughes@clinic.com
S892,Joshua Webb,Receptionist,C10,(002) 262-3331,joshua.webb@clinic.com
S893,Courtney Schneider,Nurse,C15,(062) 715-8275,courtney.schneider@clinic.com
S894,Brandi Smith,Receptionist,C6,(657) 416-1106,brandi.smith@clinic.com
S895,Richard Gutierrez,Receptionist,C41,(929) 212-0788,richard.gutierrez@clinic.com
S896,Gwendolyn Miller,Receptionist,C17,(668) 199-2820,gwendolyn.miller@clinic.com
S897,Christopher Elliott,Receptionist,C28,(601) 539-1931,christopher.elliott@clinic.com
S898,Dustin May,Receptionist,C5,(962) 108-7104,dustin.may@clinic.com
S899,Alexander Smith,Receptionist,C31,(641) 664-7023,alexander.smith@clinic.com
S900,Katherine Garcia,Nurse,C24,(861) 332-4091,katherine.garcia@clinic.com
S901,Juan Pierce,Receptionist,C50,(233) 599-2590,juan.pierce@clinic.com
S902,Amanda Fry,Nurse,C31,(880) 796-4570,amanda.fry@clinic.com
S903,Richard Morales,Receptionist,C12,(811) 592-9156,richard.morales@clinic.com
S904,Barry Johnson,Nurse,C30,(731) 489-6873,barry.johnson@clinic.com
S905,Kevin Hanson,Nurse,C18,(869) 089-0009,kevin.hanson@clinic.com
S906,Keith Johnson,Receptionist,C49,(558) 078-8880,keith.johnson@clinic.com
S907,Erika Ruiz,Nurse,C43,(530) 877-3172,erika.ruiz@clinic.com
S908,Debra Hall,Receptionist,C35,(491) 369-1031,debra.hall@clinic.com
S909,Christine Wood,Receptionist,C41,(890) 999-6742,christine.wood@clinic.com
S910,Erika Parker,Nurse,C3,(685) 388-0555,erika.parker@clinic.com
S911,Barbara Campbell,Receptionist,C35,(933) 270-8726,barbara.campbell@clinic.com
S912,Veronica Thompson,Nurse,C50,(871) 010-6933,veronica.thompson@clinic.com
S913,John Rose,Nurse,C41,(326) 817-9573,john.rose@clinic.com
S914,Dominique Collier,Receptionist,C32,(545) 630-0615,dominique.collier@clinic.com
S915,Tyler Elliott,Receptionist,C8,(503) 565-9574,tyler.elliott@clinic.com
S916,Robert Moody,Nurse,C9,(064) 830-0353,robert.moody@clinic.com
S917,Bruce Singh,Receptionist,C46,(782) 872-0495,bruce.singh@clinic.com
S918,Brandon Key,Receptionist,C12,(818) 345-3087,brandon.key@clinic.com
S919,Kristine Greene,Nurse,C12,(708) 444-5090,kristine.greene@clinic.com
S920,Brandon Mitchell,Receptionist,C21,(116) 552-2989,brandon.mitchell@clinic.com
S921,Anthony Kelley,Receptionist,C29,(970) 426-5914,anthony.kelley@clinic.com
S922,Scott Lopez,Nurse,C41,(478) 050-4303,scott.lopez@clinic.com
S923,Cassandra Stevens,Receptionist,C34,(370) 507-5751,cassandra.stevens@clinic.com
S924,Timothy Alvarado,Nurse,C13,(502) 566-0734,timothy.alvarado@clinic.com
S925,Scott Wells,Receptionist,C41,(710) 184-1109,scott.wells@clinic.com
S926,Maria Quinn,Receptionist,C20,(757) 274-5895,maria.quinn@clinic.com
S927,Whitney Collins,Nurse,C42,(437) 596-3462,whitney.collins@clinic.com
S928,Edward Walker,Receptionist,C20,(578) 649-3762,edward.walker@clinic.com
S929,Lindsay Morgan,Receptionist,C49,(792) 473-6508,lindsay.morgan@clinic.com
S930,Aaron Ford,Receptionist,C49,(582) 526-6778,aaron.ford@clinic.com
S931,Donald Mcdonald,Nurse,C3,(781) 236-3850,donald.mcdonald@clinic.com
S932,Kari Webb,Nurse,C25,(847) 234-2354,kari.webb@clinic.com
S933,Kayla Mccarthy,Nurse,C36,(953) 145-7479,kayla.mccarthy@clinic.com
S934,Austin Medina,Receptionist,C44,(593) 774-9859,austin.medina@clinic.com
S935,Laura Schmidt,Receptionist,C42,(877) 402-2034,laura.schmidt@clinic.com
S936,Kevin Estrada,Receptionist,C30,(279) 744-4821,kevin.estrada@clinic.com
S937,Lee Gomez,Nurse,C26,(153) 116-4912,lee.gomez@clinic.com
S938,Lance Miller,Receptionist,C9,(002) 420-7767,lance.miller@clinic.com
S939,James Knight,Nurse,C23,(291) 309-0220,james.knight@clinic.com
S940,Zachary Dixon,Receptionist,C27,(267) 854-3604,zachary.dixon@clinic.com
S941,Angela West,Receptionist,C26,(588) 962-1889,angela.west@clinic.com
S942,Michael Velasquez,Receptionist,C31,(577) 194-1739,michael.velasquez@clinic.com
S943,Robert Molina,Receptionist,C49,(274) 849-5202,robert.molina@clinic.com
S944,Timothy Thompson,Nurse,C24,(898) 541-3720,timothy.thompson@clinic.com
S945,Stephanie Ortiz,Receptionist,C12,(450) 670-0098,stephanie.ortiz@clinic.com
S946,Todd Harper,Nurse,C41,(637) 600-3818,todd.harper@clinic.com
S947,Michael Haynes,Nurse,C10,(851) 151-6662,michael.haynes@clinic.com
S948,Leah Thornton,Receptionist,C17,(417) 465-0997,leah.thornton@clinic.com
S949,James Martinez,Receptionist,C26,(497) 041-2664,james.martinez@clinic.com
S950,James Smith,Receptionist,C28,(360) 248-7914,james.smith@clinic.com
S951,Amber Curry,Receptionist,C28,(016) 635-2351,amber.curry@clinic.com
S952,Christina Burnett,Nurse,C29,(019) 848-3274,christina.burnett@clinic.com
S953,Timothy Miller,Receptionist,C41,(880) 103-9701,timothy.miller@clinic.com
S954,Thomas Sellers,Receptionist,C33,(780) 023-7042,thomas.sellers@clinic.com
S955,Mary Williams,Nurse,C13,(012) 996-7235,mary.williams@clinic.com
S956,Donald Webb,Receptionist,C7,(657) 679-4805,donald.webb@clinic.com
S957,William Hall,Receptionist,C34,(683) 666-2201,william.hall@clinic.com
S958,Deborah Wilson,Nurse,C1,(875) 402-3290,deborah.wilson@clinic.com
S959,William Lynch,Receptionist,C3,(818) 051-5779,william.lynch@clinic.com
S960,Teresa Roberts,Receptionist,C27,(100) 327-4742,teresa.roberts@clinic.com
S961,Joshua Fischer,Nurse,C18,(108) 114-7803,joshua.fischer@clinic.com
S962,James French,Receptionist,C24,(245) 954-1380,james.french@clinic.com
S963,Ronald Mcintosh,Nurse,C32,(916) 662-9780,ronald.mcintosh@clinic.com
S964,Erika Barnes,Receptionist,C13,(283) 686-5086,erika.barnes@clinic.com
S965,Elizabeth Jones,Receptionist,C41,(855) 427-1931,elizabeth.jones@clinic.com
S966,Erica Smith,Nurse,C21,(370) 551-7099,erica.smith@clinic.com
S967,Morgan Gross,Receptionist,C46,(564) 226-9536,morgan.gross@clinic.com
S968,George Thomas,Nurse,C3,(892) 074-5327,george.thomas@clinic.com
S969,Rodney Rice,Nurse,C31,(910) 122-6784,rodney.rice@clinic.com
S970,Kyle Randolph,Receptionist,C35,(223) 391-1551,kyle.randolph@clinic.com
S971,Savannah Brewer,Nurse,C33,(960) 417-6949,savannah.brewer@clinic.com
S972,Joseph Peterson,Receptionist,C49,(635) 591-0136,joseph.peterson@clinic.com
S973,Jonathan Christensen,Receptionist,C49,(355) 726-4995,jonathan.christensen@clinic.com
S974,Melissa Colon,Receptionist,C14,(156) 633-1818,melissa.colon@clinic.com
S975,Gina Rios,Nurse,C49,(133) 132-0617,gina.rios@clinic.com
S976,Frank Smith,Receptionist,C38,(445) 156-7756,frank.smith@clinic.com
S977,Kathy Rogers,Receptionist,C45,(243) 117-2201,kathy.rogers@clinic.com
S978,Joseph Davis,Nurse,C6,(928) 326-3315,joseph.davis@clinic.com
S979,James Smith,Nurse,C3,(211) 127-3995,james.smith@clinic.com
S980,David Smith,Nurse,C49,(025) 451-2942,david.smith@clinic.com
S981,Linda Nguyen,Receptionist,C8,(640) 266-6786,linda.nguyen@clinic.com
S982,Laura Meadows,Receptionist,C33,(353) 159-9938,laura.meadows@clinic.com
S983,Kristen Walker,Nurse,C7,(322) 593-5578,kristen.walker@clinic.com
S984,Matthew Wilkerson,Nurse,C20,(821) 485-7283,matthew.wilkerson@clinic.com
S985,Amy Phillips,Receptionist,C1,(447) 443-7558,amy.phillips@clinic.com
S986,Jonathan Mejia,Receptionist,C30,(793) 748-7247,jonathan.mejia@clinic.com
S987,Steve Perez,Receptionist,C34,(060) 175-7297,steve.perez@clinic.com
S988,Heather Sherman,Nurse,C13,(743) 445-8659,heather.sherman@clinic.com
S989,Susan Obrien,Nurse,C3,(975) 495-2935,susan.obrien@clinic.com
S990,Cory King,Nurse,C4,(747) 971-5185,cory.king@clinic.com
S991,Caitlyn Reyes,Nurse,C19,(643) 225-7790,caitlyn.reyes@clinic.com
S992,Mariah Stevens,Nurse,C15,(977) 464-2481,mariah.stevens@clinic.com
S993,Ronnie Smith,Receptionist,C46,(429) 498-5529,ronnie.smith@clinic.com
S994,Katrina Clay,Receptionist,C28,(001) 924-5447,katrina.clay@clinic.com
S995,Gary Taylor,Receptionist,C23,(366) 923-2362,gary.taylor@clinic.com
S996,Wendy Brooks,Nurse,C17,(889) 881-0145,wendy.brooks@clinic.com
S997,Lisa Anderson,Nurse,C2,(957) 739-6549,lisa.anderson@clinic.com
S998,Rodney Larson,Nurse,C10,(150) 302-7697,rodney.larson@clinic.com
S999,Sandra Wells,Nurse,C45,(781) 246-9452,sandra.wells@clinic.com
S1000,Timothy Joseph,Nurse,C22,(623) 568-3341,timothy.joseph@clinic.com
